序号,Excel表头,ODS字段名,类型
1,项目编号（下拉选择）,project_no,varchar
2,风险名称,risk_name,varchar
3,所属分系统,subsystem,varchar
4,所属单机,belonging_unit,varchar
5,风险描述,risk_description,varchar
6,风险提出时间（格式：XXXX-XX-XX）,risk_submit_time,varchar
7,风险提出周数,risk_submit_week,varchar
8,风险阶段（下拉选择）,risk_phase,varchar
9,风险分类（下拉选择）,risk_category,varchar
10,风险等级（下拉选择）,risk_level,varchar
11,影响域（PBS产品层）,impact_scope,varchar
12,风险应对措施,response_measure,varchar
13,最终风险释放时间（格式：XXXX-XX-XX）,final_release_time,varchar
14,风险管控月计划,monthly_control_plan,varchar
15,风险释放措施及周计划,weekly_release_plan,varchar
16,风险释放计划是否已在进度信息汇总表中更新（下拉选择）,release_plan_synced,varchar
17,新增计划数量,new_plan_count,varchar
18,进展统计时间（格式：XXXX-XX-XX）,progress_stat_time,varchar
19,进展统计周数,progress_stat_week,varchar
20,进展情况,progress_situation,varchar
21,风险应对负责人（具体实施责任人）,response_owner,varchar
22,风险防控负责人（总责任人，一般为分管副总）,control_owner,varchar
23,责任科室（下拉选择）,dept,varchar
24,风险状态（下拉选择）,risk_status,varchar
25,项目主管（下拉选择）,project_manager,varchar
26,跟进措施类别（下拉选择）,measure_category,varchar
27,跟进措施题目,measure_title,varchar
28,跟进人,follow_up_person,varchar
29,主送,main_recipient,varchar
30,抄送,cc_recipient,varchar
31,跟进时间（格式：XXXX-XX-XX）,follow_up_date,varchar
32,跟进周数,follow_up_week,varchar
33,闭环状态（下拉选择）,closure_status,varchar
34,最终闭环时间（格式：XXXX-XX-XX）,final_closure_date,varchar
35,最终闭环周数,final_closure_week,varchar
36,闭环交付物类别（下拉选择）,closure_deliverable_type,varchar
37,闭环交付物,closure_deliverable,varchar
38,主要风险内容,risk_content,varchar
39,最后更新时间（格式：XXXX-XX-XX）,last_update_time,varchar
40,最后更新周数,last_update_week,varchar
41,备注,remark,varchar
42,填写人,filled_by,varchar
