run_at_utc,mode,arch,total,success,failed,success_rate,dag_404,tasklog_404,result,note
20260213T094326Z,normal,x86_64,3,2,1,66.67,0,0,OBSERVED,sample-168h
20260213T094326Z,normal,x86_64,3,2,1,66.67,0,0,OBSERVED,format-fix
20260214T115349Z,normal,x86_64,0,0,0,0.00,0,0,OBSERVED,no-pg-container-or-query-failed
20260214T115543Z,normal,x86_64,0,0,0,0.00,0,0,OBSERVED,run-all-smoke
20260214T115906Z,normal,x86_64,0,0,0,0.00,0,0,OBSERVED,run-all-escalated
20260214T115932Z,normal,x86_64,3,2,1,66.67,0,0,OBSERVED,run-all-168h
20260214T115939Z,normal,x86_64,3,2,1,66.67,0,0,OBSERVED,run-all-168h-p1
20260214T120042Z,normal,x86_64,3,2,1,66.67,0,0,OBSERVED,run-all-168h-strict
20260214T120627Z,normal,x86_64,3,2,1,66.67,0,0,OBSERVED,matrix-normal-x86_64
20260214T120628Z,legacy,x86_64,3,2,1,66.67,0,0,OBSERVED,matrix-legacy-x86_64
20260214T120628Z,dev,x86_64,3,2,1,66.67,0,0,OBSERVED,matrix-dev-x86_64
20260214T120653Z-1490075,legacy,x86_64,3,2,1,66.67,0,0,OBSERVED,matrixfix-legacy-x86_64
20260214T120653Z-1490428,dev,x86_64,3,2,1,66.67,0,0,OBSERVED,matrixfix-dev-x86_64
20260214T133537Z-1731149,normal,x86_64,3,2,1,66.67,0,0,OBSERVED,guardok-normal-x86_64
20260214T133554Z-1732226,normal,x86_64,3,2,1,66.67,0,0,OBSERVED,guardok-normal-x86_64
20260214T133643Z-1734911,normal,x86_64,3,2,1,66.67,0,0,OBSERVED,finalcheck-normal-x86_64
20260217T061842Z-3328693,normal,x86_64,0,0,0,0.00,0,0,OBSERVED,p3-02-devcenter-normal-x86_64
20260217T061947Z-3330467,legacy,x86_64,0,0,0,0.00,0,0,OBSERVED,p3-02-devcenter-legacy-x86_64
20260217T061948Z-3330731,dev,x86_64,0,0,0,0.00,0,0,OBSERVED,p3-02-devcenter-dev-x86_64
20260217T062220Z-3333745,legacy,x86_64,0,0,0,0.00,0,0,OBSERVED,p3-02-devcenter-legacy-x86_64
20260217T062220Z-3334028,dev,x86_64,0,0,0,0.00,0,0,OBSERVED,p3-02-devcenter-dev-x86_64
20260217T062227Z-3334589,normal,x86_64,0,0,0,0.00,0,0,OBSERVED,p3-02-devcenter-normal-x86_64
20260217T062227Z-3334853,legacy,x86_64,0,0,0,0.00,0,0,OBSERVED,p3-02-devcenter-legacy-x86_64
20260217T062228Z-3335140,dev,x86_64,0,0,0,0.00,0,0,OBSERVED,p3-02-devcenter-dev-x86_64
