code_type_code,code_value,code_name,description,sort_num,parent_code,is_default
REGION_GBT2260,110000,北京市,直辖市,1,,N
REGION_GBT2260,120000,天津市,直辖市,2,,N
REGION_GBT2260,130000,河北省,,3,,N
REGION_GBT2260,140000,山西省,,4,,N
REGION_GBT2260,150000,内蒙古自治区,,5,,N
REGION_GBT2260,210000,辽宁省,,6,,N
REGION_GBT2260,220000,吉林省,,7,,N
REGION_GBT2260,230000,黑龙江省,,8,,N
REGION_GBT2260,310000,上海市,直辖市,9,,N
REGION_GBT2260,320000,江苏省,,10,,N
REGION_GBT2260,330000,浙江省,,11,,N
REGION_GBT2260,340000,安徽省,,12,,N
REGION_GBT2260,350000,福建省,,13,,N
REGION_GBT2260,360000,江西省,,14,,N
REGION_GBT2260,370000,山东省,,15,,N
REGION_GBT2260,410000,河南省,,16,,N
REGION_GBT2260,420000,湖北省,,17,,N
REGION_GBT2260,430000,湖南省,,18,,N
REGION_GBT2260,440000,广东省,,19,,N
REGION_GBT2260,450000,广西壮族自治区,,20,,N
REGION_GBT2260,460000,海南省,,21,,N
REGION_GBT2260,500000,重庆市,直辖市,22,,N
REGION_GBT2260,510000,四川省,,23,,N
REGION_GBT2260,520000,贵州省,,24,,N
REGION_GBT2260,530000,云南省,,25,,N
REGION_GBT2260,540000,西藏自治区,,26,,N
REGION_GBT2260,610000,陕西省,,27,,N
REGION_GBT2260,620000,甘肃省,,28,,N
REGION_GBT2260,630000,青海省,,29,,N
REGION_GBT2260,640000,宁夏回族自治区,,30,,N
REGION_GBT2260,650000,新疆维吾尔自治区,,31,,N
REGION_GBT2260,710000,台湾省,,32,,N
REGION_GBT2260,810000,香港特别行政区,,33,,N
REGION_GBT2260,820000,澳门特别行政区,,34,,N
