id,科目编号,科目名称,部门名称,职工名称,余额
1,2211.02,奖金应付,IT部,王强,-29454.54
2,2211.03,社保代扣,IT部,王强,-14929.56
3,1122.07,业务招待借款,研发部,钱波,112620.47
4,1122.02,差旅费借款,电力部,李娜,189065.14
5,1122.03,采购预付款,研发部,钱波,109572.47
6,1122.06,实验材料借款,制造部,林涛,116919.4
7,1122.07,业务招待借款,IT部,王强,26361.66
8,1122.06,实验材料借款,制造部,刘洋,179897.32
9,1122.01,备用金,IT部,黄磊,179886.0
10,2211.02,奖金应付,采购部,赵敏,-9737.3
11,1122.06,实验材料借款,电力部,李娜,156243.13
12,1122.07,业务招待借款,电力部,何敏,194793.57
13,1122.03,采购预付款,研发部,钱波,185227.0
14,1122.03,采购预付款,采购部,赵敏,195265.0
15,1122.03,采购预付款,IT部,黄磊,176401.82
16,1122.03,采购预付款,制造部,张伟,147576.33
17,1122.07,业务招待借款,IT部,孙磊,160644.79
18,2211.03,社保代扣,制造部,林涛,-24890.23
19,1122.03,采购预付款,制造部,刘洋,157687.53
20,1122.07,业务招待借款,电力部,李娜,174561.19
21,1122.08,项目预支款,制造部,林涛,45264.31
22,1122.08,项目预支款,制造部,林涛,70582.03
23,1122.04,培训费借款,制造部,林涛,45361.79
24,1122.04,培训费借款,采购部,马超,80294.73
25,1122.02,差旅费借款,制造部,刘洋,193410.93
26,1122.06,实验材料借款,制造部,刘洋,128654.87
27,2211.02,奖金应付,研发部,吴杰,-29491.04
28,1122.06,实验材料借款,营销部,郑华,187908.19
29,1122.05,设备采购借款,电力部,李娜,36535.0
30,1122.01,备用金,制造部,刘洋,22572.11
31,1122.06,实验材料借款,研发部,吴杰,145980.47
32,1122.07,业务招待借款,IT部,孙磊,121635.56
33,1122.02,差旅费借款,营销部,郑华,77653.89
34,1122.04,培训费借款,质量部,陈静,51689.78
35,1122.07,业务招待借款,研发部,钱波,1336.56
36,1122.09,外出学习借款,电力部,何敏,137684.57
37,2211.03,社保代扣,研发部,钱波,-21106.97
38,1122.07,业务招待借款,IT部,孙磊,14924.79
39,1122.06,实验材料借款,采购部,马超,125007.93
40,1122.02,差旅费借款,采购部,马超,144231.1
41,1122.09,外出学习借款,制造部,刘洋,62547.65
42,1122.06,实验材料借款,研发部,吴杰,81077.68
43,1122.09,外出学习借款,制造部,刘洋,26330.27
44,2211.02,奖金应付,研发部,吴杰,-28389.82
45,2211.03,社保代扣,采购部,马超,-27375.75
46,2211.01,工资应付,质量部,陈静,-11125.65
47,1122.01,备用金,营销部,郑华,61471.11
48,1122.07,业务招待借款,采购部,赵敏,157366.01
49,2211.02,奖金应付,质量部,陈静,-11700.73
50,1122.08,项目预支款,安环部,周芳,135449.82
51,1122.08,项目预支款,营销部,郑华,158953.34
52,2211.03,社保代扣,IT部,黄磊,-7581.67
53,1122.05,设备采购借款,电力部,李娜,103574.95
54,2211.01,工资应付,采购部,马超,-12050.08
55,1122.04,培训费借款,制造部,林涛,134886.34
56,1122.04,培训费借款,采购部,赵敏,30323.44
57,1122.04,培训费借款,制造部,张伟,196803.27
58,1122.02,差旅费借款,质量部,陈静,91627.82
59,2211.02,奖金应付,电力部,何敏,-18543.11
60,2211.03,社保代扣,研发部,钱波,-13367.42
61,1122.04,培训费借款,研发部,吴杰,30366.7
62,1122.01,备用金,研发部,钱波,178639.31
63,1122.02,差旅费借款,制造部,林涛,155905.66
64,1122.03,采购预付款,采购部,赵敏,161017.86
65,1122.09,外出学习借款,研发部,钱波,93445.43
66,1122.04,培训费借款,营销部,郑华,183576.53
67,1122.08,项目预支款,电力部,李娜,27534.48
68,2211.02,奖金应付,安环部,周芳,-17340.56
69,2211.01,工资应付,营销部,郑华,-11567.04
70,1122.08,项目预支款,IT部,黄磊,122917.81
71,1122.09,外出学习借款,研发部,钱波,85921.41
72,1122.09,外出学习借款,电力部,何敏,89736.81
73,2211.03,社保代扣,IT部,王强,-26260.36
74,1122.05,设备采购借款,安环部,周芳,150603.58
75,2211.02,奖金应付,制造部,林涛,-10487.41
76,1122.09,外出学习借款,IT部,黄磊,97434.81
77,1122.05,设备采购借款,采购部,赵敏,88534.65
78,1122.05,设备采购借款,研发部,钱波,47664.22
79,1122.06,实验材料借款,IT部,孙磊,178712.34
80,1122.03,采购预付款,电力部,李娜,31015.3
81,2211.03,社保代扣,研发部,吴杰,-7125.74
82,1122.02,差旅费借款,采购部,赵敏,83558.71
83,1122.09,外出学习借款,IT部,孙磊,93718.94
84,1122.04,培训费借款,制造部,张伟,166745.34
85,2211.01,工资应付,研发部,吴杰,-28543.67
86,2211.01,工资应付,制造部,张伟,-13270.29
87,1122.06,实验材料借款,制造部,张伟,60423.92
88,1122.07,业务招待借款,研发部,吴杰,108105.89
89,1122.09,外出学习借款,研发部,钱波,160173.77
90,1122.04,培训费借款,电力部,何敏,98157.67
91,1122.07,业务招待借款,制造部,刘洋,97642.76
92,1122.06,实验材料借款,研发部,吴杰,134105.85
93,1122.07,业务招待借款,IT部,黄磊,145112.09
94,1122.08,项目预支款,制造部,林涛,183988.78
95,1122.09,外出学习借款,质量部,陈静,6366.32
96,2211.01,工资应付,研发部,吴杰,-18238.58
97,1122.02,差旅费借款,制造部,张伟,128907.18
98,1122.08,项目预支款,IT部,王强,37164.08
99,1122.07,业务招待借款,制造部,刘洋,66143.18
100,1122.06,实验材料借款,安环部,周芳,68162.61
