项目编号,项目名称,部门名称,项目经理,研制周期开始,研制周期结束,总经费,直接成本控制数,直接成本支出金额,间接费用支出和收益总额
PRJ-001,数据中心建设-56,电力部,黄磊,2026-12-01,2027-09-01,6933.34,5575.1,5899.87,185.8
PRJ-002,电网升级工程-38,安环部,刘洋,2025-03-01,2026-04-01,8201.91,6437.59,6134.34,416.36
PRJ-003,数据中心建设-79,研发部,郑华,2026-04-01,2028-01-01,13736.02,9910.09,6323.55,1159.95
PRJ-004,新材料研发-86,制造部,何敏,2025-05-01,2027-08-01,8425.67,5991.32,6578.31,2166.87
PRJ-005,客户门户开发-82,研发部,钱波,2025-08-01,2026-11-01,3388.65,2567.59,1692.16,237.91
PRJ-006,MES系统建设-46,质量部,钱波,2025-01-01,2027-04-01,6239.18,4375.0,4470.44,1347.15
PRJ-007,电网升级工程-78,营销部,林涛,2025-04-01,2027-05-01,12128.01,8888.02,3383.01,973.62
PRJ-008,质量体系认证-81,电力部,何敏,2026-11-01,2027-06-01,4979.53,3814.93,2863.47,798.78
PRJ-009,数据中心建设-38,安环部,钱波,2025-03-01,2026-03-01,2416.32,1886.93,2118.86,277.76
PRJ-010,新材料研发-22,质量部,何敏,2025-05-01,2027-10-01,13120.76,10767.35,6944.02,377.11
PRJ-011,环保改造工程-87,研发部,林涛,2026-06-01,2027-02-01,11964.89,8400.4,5962.13,1653.31
PRJ-012,新材料研发-75,研发部,林涛,2026-06-01,2027-03-01,10285.13,7926.97,6250.97,2015.13
PRJ-013,智能仓储系统-79,采购部,马超,2024-11-01,2026-07-01,13686.12,10200.66,5996.77,738.3
PRJ-014,电网升级工程-39,营销部,李娜,2024-04-01,2026-03-01,2467.13,1894.87,1585.93,397.44
PRJ-015,数字孪生项目-54,IT部,何敏,2025-11-01,2026-08-01,12588.55,9974.51,10893.17,846.41
PRJ-016,能源监控平台-28,营销部,周芳,2024-06-01,2025-03-01,14723.45,11117.68,11747.07,2220.65
PRJ-017,电网升级工程-51,质量部,赵敏,2024-08-01,2025-04-01,10110.15,8050.26,6176.87,241.18
PRJ-018,智能仓储系统-32,IT部,黄磊,2026-04-01,2026-12-01,12532.36,9814.48,7430.19,2039.61
PRJ-019,环保改造工程-43,IT部,黄磊,2026-01-01,2027-03-01,12946.89,9343.81,3022.65,1082.81
PRJ-020,产线改造项目-15,制造部,王强,2024-06-01,2025-07-01,9038.37,6348.25,2870.04,541.81
PRJ-021,办公自动化-68,电力部,钱波,2024-08-01,2026-04-01,11781.25,9153.86,2779.12,1321.76
PRJ-022,PLM系统升级-06,质量部,周芳,2026-01-01,2026-08-01,14979.51,12389.47,7495.13,482.7
PRJ-023,设备维护平台-10,电力部,刘洋,2026-03-01,2026-11-01,2329.78,1849.02,1398.04,321.98
PRJ-024,安全监测系统-77,质量部,周芳,2026-10-01,2028-05-01,1938.09,1560.68,1576.53,234.27
PRJ-025,数字孪生项目-93,采购部,孙磊,2025-04-01,2026-11-01,5414.51,4158.48,2475.09,221.15
PRJ-026,办公自动化-41,质量部,刘洋,2024-11-01,2026-08-01,1473.43,1215.23,350.68,45.77
PRJ-027,能源监控平台-17,制造部,郑华,2026-09-01,2028-01-01,10215.19,7780.11,8012.95,2076.89
PRJ-028,办公自动化-93,制造部,陈静,2026-05-01,2027-10-01,2002.21,1553.94,539.21,217.75
PRJ-029,供应链平台-45,安环部,李娜,2025-10-01,2026-11-01,12204.71,10090.53,11360.11,1595.66
PRJ-030,PLM系统升级-87,制造部,郑华,2026-12-01,2028-02-01,919.82,681.58,629.98,199.46
PRJ-031,能源监控平台-01,IT部,林涛,2024-10-01,2027-01-01,6311.37,4552.27,3648.71,219.05
PRJ-032,物联网平台-28,研发部,孙磊,2025-06-01,2026-05-01,5865.77,4740.95,4446.98,623.23
PRJ-033,数据中心建设-07,IT部,王强,2026-01-01,2028-04-01,1682.93,1289.91,777.58,230.18
PRJ-034,办公自动化-35,采购部,黄磊,2026-02-01,2027-07-01,6733.75,4999.72,4222.57,848.47
PRJ-035,客户门户开发-06,采购部,孙磊,2026-01-01,2026-07-01,3464.14,2916.11,2709.01,389.83
PRJ-036,客户门户开发-42,电力部,张伟,2025-12-01,2027-07-01,3047.57,2307.11,2003.7,370.39
PRJ-037,能源监控平台-10,研发部,林涛,2026-01-01,2027-08-01,771.75,646.86,659.15,70.01
PRJ-038,MES系统建设-52,研发部,陈静,2024-07-01,2025-01-01,14509.9,10531.01,11586.57,1862.43
PRJ-039,能源监控平台-12,研发部,林涛,2024-04-01,2025-11-01,9038.63,7037.43,4053.41,696.86
PRJ-040,智能仓储系统-29,安环部,黄磊,2024-02-01,2025-12-01,9681.76,7547.81,2899.93,1538.54
PRJ-041,能源监控平台-94,IT部,赵敏,2024-03-01,2025-05-01,3360.44,2655.96,2449.34,439.88
PRJ-042,产线改造项目-99,营销部,周芳,2026-10-01,2028-06-01,10376.44,8636.39,7002.75,1547.3
PRJ-043,智能仓储系统-81,安环部,王强,2025-02-01,2026-11-01,6912.02,5152.38,2374.94,255.04
PRJ-044,物联网平台-10,质量部,周芳,2025-01-01,2025-08-01,5846.7,4344.46,3529.58,1324.82
PRJ-045,数据中心建设-79,研发部,周芳,2026-09-01,2029-02-01,13490.21,10353.2,10035.62,1949.56
PRJ-046,智能仓储系统-78,营销部,吴杰,2024-01-01,2025-09-01,2000.78,1670.39,879.07,221.84
PRJ-047,物联网平台-83,IT部,张伟,2024-12-01,2026-08-01,14869.3,11577.39,9022.44,1287.53
PRJ-048,客户门户开发-50,研发部,黄磊,2025-11-01,2027-12-01,1259.3,1000.68,518.27,94.07
PRJ-049,数字孪生项目-87,研发部,陈静,2025-12-01,2028-03-01,14483.95,11448.19,3925.07,501.51
PRJ-050,质量体系认证-45,质量部,马超,2026-11-01,2028-05-01,2369.8,1910.83,535.96,251.12
PRJ-051,智能仓储系统-17,电力部,马超,2026-07-01,2028-05-01,5746.51,4335.11,1609.41,382.99
PRJ-052,工艺优化项目-25,采购部,王强,2024-02-01,2025-05-01,12744.21,9114.29,8497.53,2788.13
PRJ-053,物联网平台-05,安环部,何敏,2026-03-01,2028-04-01,5962.44,4318.82,4274.67,1178.28
PRJ-054,产线改造项目-93,营销部,张伟,2025-06-01,2027-09-01,10933.99,9244.01,7210.93,1186.22
PRJ-055,设备维护平台-30,采购部,陈静,2025-04-01,2026-09-01,10335.45,8119.15,5022.24,1585.88
PRJ-056,安全监测系统-65,研发部,王强,2024-10-01,2025-08-01,13158.53,9313.96,6115.18,1526.18
PRJ-057,供应链平台-92,电力部,陈静,2024-03-01,2025-05-01,7015.13,5450.78,5393.52,271.21
PRJ-058,环保改造工程-58,安环部,何敏,2024-07-01,2025-02-01,6248.58,4724.52,2678.13,251.9
PRJ-059,环保改造工程-04,安环部,何敏,2024-12-01,2027-02-01,5361.71,3870.66,914.98,1243.41
PRJ-060,工艺优化项目-90,IT部,黄磊,2026-08-01,2028-04-01,9422.55,7876.11,1717.41,421.44
PRJ-061,质量体系认证-71,研发部,李娜,2025-04-01,2026-07-01,2266.8,1667.83,1345.95,358.33
PRJ-062,数据中心建设-15,营销部,郑华,2026-01-01,2028-03-01,7972.95,5870.41,1974.79,932.25
PRJ-063,PLM系统升级-46,采购部,郑华,2025-03-01,2027-06-01,10189.12,7932.46,4303.94,1946.87
PRJ-064,数字孪生项目-65,制造部,孙磊,2025-01-01,2027-03-01,6109.78,4618.97,4203.04,574.97
PRJ-065,数据中心建设-45,采购部,钱波,2026-11-01,2027-08-01,11686.77,9469.53,4885.26,300.37
PRJ-066,数字孪生项目-44,IT部,林涛,2026-08-01,2028-12-01,7438.7,5410.48,1775.23,1364.66
PRJ-067,设备维护平台-05,质量部,赵敏,2024-04-01,2024-11-01,5076.14,3789.4,2191.46,968.05
PRJ-068,工艺优化项目-33,制造部,黄磊,2026-04-01,2027-07-01,5676.13,4638.11,4742.51,379.44
PRJ-069,供应链平台-48,研发部,何敏,2025-12-01,2027-08-01,13472.24,10211.91,11488.78,1620.26
PRJ-070,工艺优化项目-48,质量部,黄磊,2024-12-01,2026-07-01,1644.44,1299.71,1275.31,184.91
PRJ-071,智能仓储系统-14,电力部,刘洋,2026-05-01,2027-08-01,6965.78,5625.91,2015.83,609.81
PRJ-072,设备维护平台-06,安环部,郑华,2025-05-01,2027-07-01,14710.4,12388.89,3360.97,1416.14
PRJ-073,能源监控平台-66,IT部,张伟,2024-10-01,2027-01-01,11829.02,8342.06,2201.23,2520.42
PRJ-074,能源监控平台-47,研发部,郑华,2024-10-01,2025-08-01,10346.4,8715.02,4823.0,1159.04
PRJ-075,MES系统建设-18,安环部,孙磊,2025-11-01,2027-01-01,4119.37,2953.66,2655.02,581.96
PRJ-076,安全监测系统-72,电力部,陈静,2025-12-01,2027-08-01,3611.27,2859.34,2456.98,675.91
PRJ-077,ERP升级项目-16,IT部,林涛,2024-08-01,2025-07-01,13530.85,10375.0,2940.29,2037.24
PRJ-078,智能仓储系统-86,安环部,钱波,2024-09-01,2026-08-01,4710.25,3509.11,1226.89,801.94
PRJ-079,产线改造项目-47,采购部,李娜,2024-03-01,2025-04-01,11960.41,8419.44,6115.21,1399.14
PRJ-080,数字孪生项目-17,电力部,李娜,2025-07-01,2027-11-01,10923.61,8507.9,7918.36,1832.73
PRJ-081,数据中心建设-17,安环部,马超,2024-08-01,2026-04-01,10361.58,7788.56,8053.86,1863.41
PRJ-082,MES系统建设-24,IT部,孙磊,2026-01-01,2026-10-01,8012.48,5974.25,2114.1,1727.99
PRJ-083,环保改造工程-45,质量部,林涛,2024-05-01,2025-05-01,9708.33,7597.99,2423.09,722.28
PRJ-084,数字孪生项目-12,IT部,郑华,2026-03-01,2027-02-01,10051.63,8122.67,6294.11,1493.06
PRJ-085,MES系统建设-06,制造部,李娜,2024-11-01,2027-05-01,8863.18,7069.89,6565.18,776.98
PRJ-086,涡轮组装项目-64,质量部,马超,2025-08-01,2026-09-01,12167.98,9767.83,4713.59,380.13
PRJ-087,电网升级工程-21,营销部,孙磊,2025-08-01,2026-08-01,5432.79,3920.03,3992.2,537.72
PRJ-088,能源监控平台-52,IT部,黄磊,2025-09-01,2027-08-01,2039.67,1501.73,475.14,247.28
PRJ-089,质量体系认证-13,制造部,陈静,2025-10-01,2027-05-01,4099.92,3402.1,1196.57,252.58
PRJ-090,MES系统建设-93,安环部,赵敏,2024-08-01,2026-06-01,7268.82,6046.65,4066.38,210.26
PRJ-091,安全监测系统-65,营销部,赵敏,2024-10-01,2026-03-01,1205.54,894.76,686.86,240.63
PRJ-092,工艺优化项目-37,制造部,林涛,2024-07-01,2025-05-01,13295.61,10757.83,9958.14,996.71
PRJ-093,安全监测系统-07,采购部,刘洋,2026-05-01,2027-01-01,6102.06,4683.66,3383.31,1078.34
PRJ-094,PLM系统升级-88,电力部,王强,2024-07-01,2025-12-01,12026.01,9029.88,9860.64,2109.19
PRJ-095,ERP升级项目-78,研发部,吴杰,2024-01-01,2024-08-01,2487.03,1865.16,1212.46,289.54
PRJ-096,PLM系统升级-66,IT部,刘洋,2026-06-01,2027-05-01,6197.84,4911.63,4913.95,739.54
PRJ-097,物联网平台-66,营销部,钱波,2026-05-01,2028-02-01,12328.36,9311.04,7822.35,2667.06
PRJ-098,MES系统建设-40,制造部,郑华,2025-05-01,2027-07-01,11852.11,9676.35,7245.19,1473.25
PRJ-099,MES系统建设-62,IT部,吴杰,2026-12-01,2029-01-01,11731.79,8881.3,8708.81,837.35
PRJ-100,MES系统建设-90,电力部,赵敏,2024-08-01,2025-12-01,6572.31,5007.73,1971.53,784.57
