endpoint,method,iteration,status,time_ms
/api/governance/indicators?page=0&size=20,GET,1,200,10
/api/governance/indicators?page=0&size=20,GET,2,200,12
/api/governance/indicators?page=0&size=20,GET,3,200,8
/api/governance/indicators?page=0&size=20,GET,4,200,8
/api/governance/indicators?page=0&size=20,GET,5,200,10
/api/governance/indicators?page=0&size=20,GET,6,200,8
/api/governance/indicators?page=0&size=20,GET,7,200,8
/api/governance/indicators?page=0&size=20,GET,8,200,11
/api/governance/indicators?page=0&size=20,GET,9,200,11
/api/governance/indicators?page=0&size=20,GET,10,200,7
/api/governance/indicators?status=PUBLISHED&page=0&size=20,GET,1,200,8
/api/governance/indicators?status=PUBLISHED&page=0&size=20,GET,2,200,10
/api/governance/indicators?status=PUBLISHED&page=0&size=20,GET,3,200,7
/api/governance/indicators?status=PUBLISHED&page=0&size=20,GET,4,200,10
/api/governance/indicators?status=PUBLISHED&page=0&size=20,GET,5,200,11
/api/governance/indicators?status=PUBLISHED&page=0&size=20,GET,6,200,8
/api/governance/indicators?status=PUBLISHED&page=0&size=20,GET,7,200,8
/api/governance/indicators?status=PUBLISHED&page=0&size=20,GET,8,200,11
/api/governance/indicators?status=PUBLISHED&page=0&size=20,GET,9,200,8
/api/governance/indicators?status=PUBLISHED&page=0&size=20,GET,10,200,8
/api/governance/dimensions?page=0&size=20,GET,1,200,18
/api/governance/dimensions?page=0&size=20,GET,2,200,10
/api/governance/dimensions?page=0&size=20,GET,3,200,9
/api/governance/dimensions?page=0&size=20,GET,4,200,8
/api/governance/dimensions?page=0&size=20,GET,5,200,10
/api/governance/dimensions?page=0&size=20,GET,6,200,9
/api/governance/dimensions?page=0&size=20,GET,7,200,8
/api/governance/dimensions?page=0&size=20,GET,8,200,11
/api/governance/dimensions?page=0&size=20,GET,9,200,11
/api/governance/dimensions?page=0&size=20,GET,10,200,8
/api/governance/indicators/ops/overview?hours=168,GET,1,404,9
/api/governance/indicators/ops/overview?hours=168,GET,2,404,11
/api/governance/indicators/ops/overview?hours=168,GET,3,404,10
/api/governance/indicators/ops/overview?hours=168,GET,4,404,8
/api/governance/indicators/ops/overview?hours=168,GET,5,404,9
/api/governance/indicators/ops/overview?hours=168,GET,6,404,12
/api/governance/indicators/ops/overview?hours=168,GET,7,404,12
/api/governance/indicators/ops/overview?hours=168,GET,8,404,11
/api/governance/indicators/ops/overview?hours=168,GET,9,404,9
/api/governance/indicators/ops/overview?hours=168,GET,10,404,10
/api/governance/indicators/ops/trend?hours=168&bucketHours=24,GET,1,404,10
/api/governance/indicators/ops/trend?hours=168&bucketHours=24,GET,2,404,10
/api/governance/indicators/ops/trend?hours=168&bucketHours=24,GET,3,404,8
/api/governance/indicators/ops/trend?hours=168&bucketHours=24,GET,4,404,11
/api/governance/indicators/ops/trend?hours=168&bucketHours=24,GET,5,404,11
/api/governance/indicators/ops/trend?hours=168&bucketHours=24,GET,6,404,10
/api/governance/indicators/ops/trend?hours=168&bucketHours=24,GET,7,404,9
/api/governance/indicators/ops/trend?hours=168&bucketHours=24,GET,8,404,10
/api/governance/indicators/ops/trend?hours=168&bucketHours=24,GET,9,404,11
/api/governance/indicators/ops/trend?hours=168&bucketHours=24,GET,10,404,10
/api/governance/indicators/8d8539dc-f210-4b39-a4e0-6e07a3116a82/versions,GET,1,200,18
/api/governance/indicators/8d8539dc-f210-4b39-a4e0-6e07a3116a82/versions,GET,2,200,11
/api/governance/indicators/8d8539dc-f210-4b39-a4e0-6e07a3116a82/versions,GET,3,200,9
/api/governance/indicators/8d8539dc-f210-4b39-a4e0-6e07a3116a82/versions,GET,4,200,11
/api/governance/indicators/8d8539dc-f210-4b39-a4e0-6e07a3116a82/versions,GET,5,200,12
/api/governance/indicators/8d8539dc-f210-4b39-a4e0-6e07a3116a82/versions,GET,6,200,12
/api/governance/indicators/8d8539dc-f210-4b39-a4e0-6e07a3116a82/versions,GET,7,200,9
/api/governance/indicators/8d8539dc-f210-4b39-a4e0-6e07a3116a82/versions,GET,8,200,9
/api/governance/indicators/8d8539dc-f210-4b39-a4e0-6e07a3116a82/versions,GET,9,200,11
/api/governance/indicators/8d8539dc-f210-4b39-a4e0-6e07a3116a82/versions,GET,10,200,11
/api/governance/indicators/8d8539dc-f210-4b39-a4e0-6e07a3116a82/references,GET,1,200,20
/api/governance/indicators/8d8539dc-f210-4b39-a4e0-6e07a3116a82/references,GET,2,200,9
/api/governance/indicators/8d8539dc-f210-4b39-a4e0-6e07a3116a82/references,GET,3,200,11
/api/governance/indicators/8d8539dc-f210-4b39-a4e0-6e07a3116a82/references,GET,4,200,13
/api/governance/indicators/8d8539dc-f210-4b39-a4e0-6e07a3116a82/references,GET,5,200,12
/api/governance/indicators/8d8539dc-f210-4b39-a4e0-6e07a3116a82/references,GET,6,200,12
/api/governance/indicators/8d8539dc-f210-4b39-a4e0-6e07a3116a82/references,GET,7,200,12
/api/governance/indicators/8d8539dc-f210-4b39-a4e0-6e07a3116a82/references,GET,8,200,9
/api/governance/indicators/8d8539dc-f210-4b39-a4e0-6e07a3116a82/references,GET,9,200,11
/api/governance/indicators/8d8539dc-f210-4b39-a4e0-6e07a3116a82/references,GET,10,200,12
/api/governance/indicators/8d8539dc-f210-4b39-a4e0-6e07a3116a82/publish-preview,POST,1,200,24
/api/governance/indicators/8d8539dc-f210-4b39-a4e0-6e07a3116a82/publish-preview,POST,2,200,22
/api/governance/indicators/8d8539dc-f210-4b39-a4e0-6e07a3116a82/publish-preview,POST,3,200,24
/api/governance/indicators/8d8539dc-f210-4b39-a4e0-6e07a3116a82/publish-preview,POST,4,200,27
/api/governance/indicators/8d8539dc-f210-4b39-a4e0-6e07a3116a82/publish-preview,POST,5,200,26
/api/governance/indicators/8d8539dc-f210-4b39-a4e0-6e07a3116a82/publish-preview,POST,6,200,24
/api/governance/indicators/8d8539dc-f210-4b39-a4e0-6e07a3116a82/publish-preview,POST,7,200,25
/api/governance/indicators/8d8539dc-f210-4b39-a4e0-6e07a3116a82/publish-preview,POST,8,200,23
/api/governance/indicators/8d8539dc-f210-4b39-a4e0-6e07a3116a82/publish-preview,POST,9,200,22
/api/governance/indicators/8d8539dc-f210-4b39-a4e0-6e07a3116a82/publish-preview,POST,10,200,25
/api/governance/indicators/8d8539dc-f210-4b39-a4e0-6e07a3116a82/preview?limit=20,POST,1,200,20
/api/governance/indicators/8d8539dc-f210-4b39-a4e0-6e07a3116a82/preview?limit=20,POST,2,200,13
/api/governance/indicators/8d8539dc-f210-4b39-a4e0-6e07a3116a82/preview?limit=20,POST,3,200,11
/api/governance/indicators/8d8539dc-f210-4b39-a4e0-6e07a3116a82/preview?limit=20,POST,4,200,8
/api/governance/indicators/8d8539dc-f210-4b39-a4e0-6e07a3116a82/preview?limit=20,POST,5,200,10
/api/governance/indicators/8d8539dc-f210-4b39-a4e0-6e07a3116a82/preview?limit=20,POST,6,200,11
/api/governance/indicators/8d8539dc-f210-4b39-a4e0-6e07a3116a82/preview?limit=20,POST,7,200,11
/api/governance/indicators/8d8539dc-f210-4b39-a4e0-6e07a3116a82/preview?limit=20,POST,8,200,10
/api/governance/indicators/8d8539dc-f210-4b39-a4e0-6e07a3116a82/preview?limit=20,POST,9,200,8
/api/governance/indicators/8d8539dc-f210-4b39-a4e0-6e07a3116a82/preview?limit=20,POST,10,200,10
