term_code,term_name,aliases,definition,domain,owner_dept,owner,tags,version,status,version_notes
PJM_PROJECT,项目,工程项目|科研项目,为实现约定目标而开展的具有明确起止条件和组织责任的临时性工作,项目管理,,,项目|基础术语,1.0.0,DRAFT,DTS参考表达
PJM_SUBSYSTEM,分系统,分任务|子系统,项目范围内按产品结构或责任边界划分的组成部分,项目管理,,,范围|产品结构,1.0.0,DRAFT,DTS参考表达
PJM_NODE_TASK,节点任务,计划节点|控制节点,在计划中设置目标日期并需跟踪完成情况的工作项,进度管理,,,进度|节点,1.0.0,DRAFT,DTS参考表达
PJM_MILESTONE,里程碑,重大节点,标志项目阶段或关键成果达成且通常持续时间为零的重要节点,进度管理,,,进度|里程碑,1.0.0,DRAFT,DTS参考表达
PJM_DELIVERABLE,交付物,项目成果|输出物,项目或节点工作产生并可检查验收的文件实物数据或服务成果,项目管理,,,成果|验收,1.0.0,DRAFT,DTS参考表达
PJM_SCHEDULE_BASELINE,进度基准,计划基线,经确认并用于比较实际执行情况的项目进度计划,进度管理,,,进度|基准,1.0.0,DRAFT,DTS参考表达
PJM_PROJECT_PROGRESS,项目进展,执行进展,截至统计时点项目任务节点和交付物的实际推进情况,进度管理,,,进度|监控,1.0.0,DRAFT,DTS参考表达
PJM_SCHEDULE_DELAY,进度延误,延期|滞后,实际或预计完成时间晚于当前有效计划时间的状态,进度管理,,,进度|延期,1.0.0,DRAFT,DTS参考表达
PJM_FOLLOW_UP_MEASURE,跟进措施,督办措施|推进措施,为推动事项解决或目标达成而登记并跟踪的管理动作,协同闭环,,,措施|协同,1.0.0,DRAFT,DTS参考表达
PJM_CLOSURE,闭环,措施闭环,事项从提出处理到结果验证并确认完成的全过程,协同闭环,,,闭环|验证,1.0.0,DRAFT,DTS参考表达
PJM_QUALITY_ISSUE,质量问题,质量异常,产品过程或项目结果未满足预期要求而需要分析处置的事项,质量管理,,,质量|问题,1.0.0,DRAFT,DTS参考表达
PJM_ZEROING_PLAN,归零计划,质量问题归零,为完成问题定位机理复现措施验证和举一反三而制定的行动计划,质量管理,,,质量|归零,1.0.0,DRAFT,DTS参考表达
PJM_TECH_STATE_ITEM,技术状态项,配置项|技术状态标识项,被正式识别并纳入技术状态控制的产品文件或技术对象,技术状态管理,,,技术状态|配置,1.0.0,DRAFT,DTS参考表达
PJM_TECH_STATE_CHANGE,技术状态更改,配置更改|技术更改,对已确认技术状态项内容或基线提出并受控实施的变更,技术状态管理,,,技术状态|更改,1.0.0,DRAFT,DTS参考表达
PJM_CHANGE_IMPACT,更改影响,影响分析,技术状态更改对文件实物计划成本质量和相关对象造成的影响,技术状态管理,,,更改|影响,1.0.0,DRAFT,DTS参考表达
PJM_PROJECT_RISK,项目风险,风险事项,不确定事件或条件对项目目标可能产生的影响,风险管理,,,风险|识别,1.0.0,DRAFT,DTS参考表达
PJM_RISK_RESPONSE,风险应对,风险处置,为改变风险发生可能性或影响而选择并实施的措施,风险管理,,,风险|应对,1.0.0,DRAFT,DTS参考表达
PJM_RISK_RELEASE,风险释放,风险解除,经评估确认风险条件已消除或降至组织可接受范围的状态变化,风险管理,,,风险|释放,1.0.0,DRAFT,DTS参考表达
PJM_PBS,产品分解结构,PBS,按产品组成关系对项目交付产品逐层分解形成的层次结构,物料管理,,,产品结构|PBS,1.0.0,DRAFT,DTS参考表达
PJM_CRITICAL_MATERIAL,重要物料,关键物料,对项目关键节点质量成本或交付具有显著影响而需重点管控的物料,物料管理,,,物料|重点管控,1.0.0,DRAFT,DTS参考表达
PJM_LONG_CYCLE_MATERIAL,长周期物料,长线物料,采购制造检验或交付周期较长并可能制约项目计划的物料,物料管理,,,物料|周期,1.0.0,DRAFT,DTS参考表达
PJM_PROJECT_BUDGET,项目预算,科研经费预算,为项目批准并按管理口径分配和执行的资金计划,项目预算管理,,,预算|资金,1.0.0,DRAFT,DTS参考表达
PJM_ADJUSTED_BUDGET,调整后预算,现行预算,预算调整完成后作为当前执行依据的金额,项目预算管理,,,预算|调整,1.0.0,DRAFT,DTS参考表达
PJM_PREPAID_AMOUNT,预付账款,预付款,已支付但尚未满足验收报销或成本确认条件的金额,项目预算管理,,,预算|预付,1.0.0,DRAFT,DTS参考表达
PJM_BOOK_COST,账面成本,已确认成本,已验收并按财务口径确认入账的项目成本金额,项目预算管理,,,预算|成本,1.0.0,DRAFT,DTS参考表达
PJM_PAYABLE_AMOUNT,应付账款,未付款项,已形成付款义务但尚未完成支付的金额,项目预算管理,,,预算|应付,1.0.0,DRAFT,DTS参考表达
