"sequence","model_name","model_type","layer","grain_key","field_name","display_name","data_type","role","nullable","source_or_expression","standard_binding","unit_or_reference","security_level"
"1","it_fin_demo_dwd_dim_date","DIMENSION","DWD","date_key","date_key","日期键","integer","KEY","false","DATE_DIMENSION","IT-FIN-DE-DATE-KEY","","DATA_PUBLIC"
"2","it_fin_demo_dwd_dim_date","DIMENSION","DWD","date_key","full_date","日期","date","TIME","false","DATE_DIMENSION","","","DATA_PUBLIC"
"3","it_fin_demo_dwd_dim_date","DIMENSION","DWD","date_key","year_no","年份","integer","ATTRIBUTE","false","DATE_DIMENSION","","","DATA_PUBLIC"
"4","it_fin_demo_dwd_dim_date","DIMENSION","DWD","date_key","quarter_no","季度","integer","ATTRIBUTE","false","DATE_DIMENSION","","","DATA_PUBLIC"
"5","it_fin_demo_dwd_dim_date","DIMENSION","DWD","date_key","month_no","月份","integer","ATTRIBUTE","false","DATE_DIMENSION","","","DATA_PUBLIC"
"6","it_fin_demo_dwd_dim_date","DIMENSION","DWD","date_key","iso_week_no","ISO周数","integer","ATTRIBUTE","false","DATE_DIMENSION","","","DATA_PUBLIC"
"7","it_fin_demo_dwd_dim_cost_center","DIMENSION","DWD","cost_center_code","cost_center_code","成本中心编码","string","KEY","false","cost_center_code","IT-FIN-DE-COST-CENTER-CODE","","DATA_PUBLIC"
"8","it_fin_demo_dwd_dim_cost_center","DIMENSION","DWD","cost_center_code","cost_center_name","成本中心名称","string","ATTRIBUTE","false","cost_center_name","","","DATA_PUBLIC"
"9","it_fin_demo_dwd_dim_cost_center","DIMENSION","DWD","cost_center_code","parent_cost_center_code","上级成本中心编码","string","ATTRIBUTE","true","parent_cost_center_code","IT-FIN-DE-COST-CENTER-CODE","","DATA_PUBLIC"
"10","it_fin_demo_dwd_dim_cost_center","DIMENSION","DWD","cost_center_code","manager_name","财务负责人","string","ATTRIBUTE","false","manager_name","","","DATA_PUBLIC"
"11","it_fin_demo_dwd_dim_cost_center","DIMENSION","DWD","cost_center_code","record_status_code","记录状态编码","string","ATTRIBUTE","false","record_status_code","IT-FIN-DE-STATUS-CODE","","DATA_PUBLIC"
"12","it_fin_demo_dwd_dim_budget_account","DIMENSION","DWD","account_code","account_code","预算科目编码","string","KEY","false","account_code","IT-FIN-DE-ACCOUNT-CODE","","DATA_PUBLIC"
"13","it_fin_demo_dwd_dim_budget_account","DIMENSION","DWD","account_code","account_name","预算科目名称","string","ATTRIBUTE","false","account_name","","","DATA_PUBLIC"
"14","it_fin_demo_dwd_dim_budget_account","DIMENSION","DWD","account_code","account_category_raw","科目类别原始值","string","ATTRIBUTE","true","account_category_raw","","","DATA_PUBLIC"
"15","it_fin_demo_dwd_dim_budget_account","DIMENSION","DWD","account_code","control_type_raw","管控类型原始值","string","ATTRIBUTE","true","control_type_raw","","","DATA_PUBLIC"
"16","it_fin_demo_dwd_dim_budget_account","DIMENSION","DWD","account_code","account_category_code","科目类别标准码","string","ATTRIBUTE","false","normalize account_category_raw","IT-FIN-DE-STATUS-CODE","IT-FIN-RC-ACCOUNT-CATEGORY","DATA_PUBLIC"
"17","it_fin_demo_dwd_dim_budget_account","DIMENSION","DWD","account_code","control_type_code","预算管控类型标准码","string","ATTRIBUTE","false","normalize control_type_raw","IT-FIN-DE-STATUS-CODE","IT-FIN-RC-CONTROL-TYPE","DATA_PUBLIC"
"18","it_fin_demo_dwd_dim_budget_account","DIMENSION","DWD","account_code","record_status_code","记录状态编码","string","ATTRIBUTE","false","record_status_code","IT-FIN-DE-STATUS-CODE","","DATA_PUBLIC"
"19","it_fin_demo_dwd_fct_budget_snapshot","FACT","DWD","budget_snapshot_id","budget_snapshot_id","预算快照标识","string","KEY","false","hash(budget_line_code || snapshot_date)","IT-FIN-DE-RECORD-ID","","DATA_PUBLIC"
"20","it_fin_demo_dwd_fct_budget_snapshot","FACT","DWD","budget_snapshot_id","budget_line_code","预算明细编码","string","ATTRIBUTE","false","budget_line_code","IT-FIN-DE-BUDGET-LINE-CODE","","DATA_PUBLIC"
"21","it_fin_demo_dwd_fct_budget_snapshot","FACT","DWD","budget_snapshot_id","snapshot_date","快照日期","date","TIME","false","snapshot_date","","","DATA_PUBLIC"
"22","it_fin_demo_dwd_fct_budget_snapshot","FACT","DWD","budget_snapshot_id","fiscal_year","财年","integer","ATTRIBUTE","false","fiscal_year","IT-FIN-DE-FISCAL-YEAR","","DATA_PUBLIC"
"23","it_fin_demo_dwd_fct_budget_snapshot","FACT","DWD","budget_snapshot_id","cost_center_code","成本中心编码","string","ATTRIBUTE","false","cost_center_code","IT-FIN-DE-COST-CENTER-CODE","","DATA_PUBLIC"
"24","it_fin_demo_dwd_fct_budget_snapshot","FACT","DWD","budget_snapshot_id","account_code","预算科目编码","string","ATTRIBUTE","false","account_code","IT-FIN-DE-ACCOUNT-CODE","","DATA_PUBLIC"
"25","it_fin_demo_dwd_fct_budget_snapshot","FACT","DWD","budget_snapshot_id","budget_amount","预算金额","decimal(18,2)","MEASURE","false","budget_amount","IT-FIN-DE-AMOUNT-CNY","CNY","DATA_PUBLIC"
"26","it_fin_demo_dwd_fct_budget_snapshot","FACT","DWD","budget_snapshot_id","committed_amount","承诺金额","decimal(18,2)","MEASURE","false","committed_amount","IT-FIN-DE-AMOUNT-CNY","CNY","DATA_PUBLIC"
"27","it_fin_demo_dwd_fct_budget_snapshot","FACT","DWD","budget_snapshot_id","actual_amount","实际发生额","decimal(18,2)","MEASURE","false","actual_amount","IT-FIN-DE-AMOUNT-CNY","CNY","DATA_PUBLIC"
"28","it_fin_demo_dwd_fct_budget_snapshot","FACT","DWD","budget_snapshot_id","payable_amount","应付金额","decimal(18,2)","MEASURE","false","payable_amount","IT-FIN-DE-AMOUNT-CNY","CNY","DATA_PUBLIC"
"29","it_fin_demo_dwd_fct_budget_snapshot","FACT","DWD","budget_snapshot_id","occupied_amount","预算占用金额","decimal(18,2)","MEASURE","false","actual_amount + committed_amount","IT-FIN-DE-AMOUNT-CNY","CNY","DATA_PUBLIC"
"30","it_fin_demo_dwd_fct_budget_snapshot","FACT","DWD","budget_snapshot_id","forecast_final_amount","预测最终发生额","decimal(18,2)","MEASURE","false","forecast_final_amount","IT-FIN-DE-AMOUNT-CNY","CNY","DATA_PUBLIC"
"31","it_fin_demo_dwd_fct_budget_snapshot","FACT","DWD","budget_snapshot_id","remaining_available_amount","剩余可用金额","decimal(18,2)","MEASURE","false","budget_amount - actual_amount - committed_amount","IT-FIN-DE-AMOUNT-CNY","CNY","DATA_PUBLIC"
"32","it_fin_demo_dwd_fct_budget_snapshot","FACT","DWD","budget_snapshot_id","overrun_amount","预测超支金额","decimal(18,2)","MEASURE","false","greatest(forecast_final_amount - budget_amount, 0)","IT-FIN-DE-AMOUNT-CNY","CNY","DATA_PUBLIC"
"33","it_fin_demo_dwd_fct_budget_snapshot","FACT","DWD","budget_snapshot_id","source_updated_at","源端更新时间","timestamp","TIME","false","updated_at","","","DATA_PUBLIC"
"34","it_fin_demo_dwd_fct_budget_snapshot","FACT","DWD","budget_snapshot_id","source_batch_id","源批次号","string","ATTRIBUTE","false","source_batch_id","","","DATA_PUBLIC"
"35","it_fin_demo_dws_cost_center_budget","SUMMARY","DWS","cost_center_budget_id","cost_center_budget_id","成本中心预算快照标识","string","KEY","false","hash(cost_center_code || snapshot_date)","IT-FIN-DE-RECORD-ID","","DATA_PUBLIC"
"36","it_fin_demo_dws_cost_center_budget","SUMMARY","DWS","cost_center_budget_id","snapshot_date","快照日期","date","TIME","false","snapshot_date","","","DATA_PUBLIC"
"37","it_fin_demo_dws_cost_center_budget","SUMMARY","DWS","cost_center_budget_id","fiscal_year","财年","integer","ATTRIBUTE","false","fiscal_year","IT-FIN-DE-FISCAL-YEAR","","DATA_PUBLIC"
"38","it_fin_demo_dws_cost_center_budget","SUMMARY","DWS","cost_center_budget_id","cost_center_code","成本中心编码","string","ATTRIBUTE","false","cost_center_code","IT-FIN-DE-COST-CENTER-CODE","","DATA_PUBLIC"
"39","it_fin_demo_dws_cost_center_budget","SUMMARY","DWS","cost_center_budget_id","cost_center_name","成本中心名称","string","ATTRIBUTE","false","lookup cost_center_name","","","DATA_PUBLIC"
"40","it_fin_demo_dws_cost_center_budget","SUMMARY","DWS","cost_center_budget_id","finance_manager_name","财务负责人","string","ATTRIBUTE","false","lookup manager_name","","","DATA_PUBLIC"
"41","it_fin_demo_dws_cost_center_budget","SUMMARY","DWS","cost_center_budget_id","budget_health_code","预算健康状态码","string","ATTRIBUTE","false","budget health predicate","IT-FIN-DE-STATUS-CODE","IT-FIN-RC-BUDGET-HEALTH","DATA_PUBLIC"
"42","it_fin_demo_dws_cost_center_budget","SUMMARY","DWS","cost_center_budget_id","budget_amount","预算金额","decimal(18,2)","MEASURE","false","sum(budget_amount)","IT-FIN-DE-AMOUNT-CNY","CNY","DATA_PUBLIC"
"43","it_fin_demo_dws_cost_center_budget","SUMMARY","DWS","cost_center_budget_id","committed_amount","承诺金额","decimal(18,2)","MEASURE","false","sum(committed_amount)","IT-FIN-DE-AMOUNT-CNY","CNY","DATA_PUBLIC"
"44","it_fin_demo_dws_cost_center_budget","SUMMARY","DWS","cost_center_budget_id","actual_amount","实际发生额","decimal(18,2)","MEASURE","false","sum(actual_amount)","IT-FIN-DE-AMOUNT-CNY","CNY","DATA_PUBLIC"
"45","it_fin_demo_dws_cost_center_budget","SUMMARY","DWS","cost_center_budget_id","payable_amount","应付金额","decimal(18,2)","MEASURE","false","sum(payable_amount)","IT-FIN-DE-AMOUNT-CNY","CNY","DATA_PUBLIC"
"46","it_fin_demo_dws_cost_center_budget","SUMMARY","DWS","cost_center_budget_id","occupied_amount","预算占用金额","decimal(18,2)","MEASURE","false","sum(occupied_amount)","IT-FIN-DE-AMOUNT-CNY","CNY","DATA_PUBLIC"
"47","it_fin_demo_dws_cost_center_budget","SUMMARY","DWS","cost_center_budget_id","forecast_final_amount","预测最终发生额","decimal(18,2)","MEASURE","false","sum(forecast_final_amount)","IT-FIN-DE-AMOUNT-CNY","CNY","DATA_PUBLIC"
"48","it_fin_demo_dws_cost_center_budget","SUMMARY","DWS","cost_center_budget_id","remaining_available_amount","剩余可用金额","decimal(18,2)","MEASURE","false","sum(remaining_available_amount)","IT-FIN-DE-AMOUNT-CNY","CNY","DATA_PUBLIC"
"49","it_fin_demo_dws_cost_center_budget","SUMMARY","DWS","cost_center_budget_id","overrun_amount","明细预测超支金额","decimal(18,2)","MEASURE","false","sum(overrun_amount)","IT-FIN-DE-AMOUNT-CNY","CNY","DATA_PUBLIC"
"50","it_fin_demo_dws_cost_center_budget","SUMMARY","DWS","cost_center_budget_id","forecast_variance_amount","预测预算差额","decimal(18,2)","MEASURE","false","budget_amount - forecast_final_amount","IT-FIN-DE-AMOUNT-CNY","CNY","DATA_PUBLIC"
"51","it_fin_demo_dws_cost_center_budget","SUMMARY","DWS","cost_center_budget_id","execution_rate","预算执行率","decimal(7,4)","MEASURE","false","actual_amount / budget_amount","IT-FIN-DE-RATE","PERCENT","DATA_PUBLIC"
"52","it_fin_demo_dws_cost_center_budget","SUMMARY","DWS","cost_center_budget_id","occupation_rate","预算占用率","decimal(7,4)","MEASURE","false","occupied_amount / budget_amount","IT-FIN-DE-RATE","PERCENT","DATA_PUBLIC"
"53","it_fin_demo_dws_cost_center_budget","SUMMARY","DWS","cost_center_budget_id","payable_ratio","应付占实际比例","decimal(7,4)","MEASURE","true","payable_amount / actual_amount","IT-FIN-DE-RATE","PERCENT","DATA_PUBLIC"
"54","it_fin_demo_ads_finance_overview","APPLICATION","ADS","finance_overview_id","finance_overview_id","财务概览标识","string","KEY","false","cost_center_budget_id","IT-FIN-DE-RECORD-ID","","DATA_PUBLIC"
"55","it_fin_demo_ads_finance_overview","APPLICATION","ADS","finance_overview_id","snapshot_date","快照日期","date","TIME","false","snapshot_date","","","DATA_PUBLIC"
"56","it_fin_demo_ads_finance_overview","APPLICATION","ADS","finance_overview_id","fiscal_year","财年","integer","ATTRIBUTE","false","fiscal_year","IT-FIN-DE-FISCAL-YEAR","","DATA_PUBLIC"
"57","it_fin_demo_ads_finance_overview","APPLICATION","ADS","finance_overview_id","cost_center_code","成本中心编码","string","ATTRIBUTE","false","cost_center_code","IT-FIN-DE-COST-CENTER-CODE","","DATA_PUBLIC"
"58","it_fin_demo_ads_finance_overview","APPLICATION","ADS","finance_overview_id","cost_center_name","成本中心名称","string","ATTRIBUTE","false","cost_center_name","","","DATA_PUBLIC"
"59","it_fin_demo_ads_finance_overview","APPLICATION","ADS","finance_overview_id","finance_manager_name","财务负责人","string","ATTRIBUTE","false","finance_manager_name","","","DATA_PUBLIC"
"60","it_fin_demo_ads_finance_overview","APPLICATION","ADS","finance_overview_id","budget_health_code","预算健康状态码","string","ATTRIBUTE","false","budget_health_code","IT-FIN-DE-STATUS-CODE","IT-FIN-RC-BUDGET-HEALTH","DATA_PUBLIC"
"61","it_fin_demo_ads_finance_overview","APPLICATION","ADS","finance_overview_id","budget_amount","预算金额","decimal(18,2)","MEASURE","false","budget_amount","IT-FIN-DE-AMOUNT-CNY","CNY","DATA_PUBLIC"
"62","it_fin_demo_ads_finance_overview","APPLICATION","ADS","finance_overview_id","committed_amount","承诺金额","decimal(18,2)","MEASURE","false","committed_amount","IT-FIN-DE-AMOUNT-CNY","CNY","DATA_PUBLIC"
"63","it_fin_demo_ads_finance_overview","APPLICATION","ADS","finance_overview_id","actual_amount","实际发生额","decimal(18,2)","MEASURE","false","actual_amount","IT-FIN-DE-AMOUNT-CNY","CNY","DATA_PUBLIC"
"64","it_fin_demo_ads_finance_overview","APPLICATION","ADS","finance_overview_id","payable_amount","应付金额","decimal(18,2)","MEASURE","false","payable_amount","IT-FIN-DE-AMOUNT-CNY","CNY","DATA_PUBLIC"
"65","it_fin_demo_ads_finance_overview","APPLICATION","ADS","finance_overview_id","occupied_amount","预算占用金额","decimal(18,2)","MEASURE","false","occupied_amount","IT-FIN-DE-AMOUNT-CNY","CNY","DATA_PUBLIC"
"66","it_fin_demo_ads_finance_overview","APPLICATION","ADS","finance_overview_id","forecast_final_amount","预测最终发生额","decimal(18,2)","MEASURE","false","forecast_final_amount","IT-FIN-DE-AMOUNT-CNY","CNY","DATA_PUBLIC"
"67","it_fin_demo_ads_finance_overview","APPLICATION","ADS","finance_overview_id","remaining_available_amount","剩余可用金额","decimal(18,2)","MEASURE","false","remaining_available_amount","IT-FIN-DE-AMOUNT-CNY","CNY","DATA_PUBLIC"
"68","it_fin_demo_ads_finance_overview","APPLICATION","ADS","finance_overview_id","overrun_amount","明细预测超支金额","decimal(18,2)","MEASURE","false","overrun_amount","IT-FIN-DE-AMOUNT-CNY","CNY","DATA_PUBLIC"
"69","it_fin_demo_ads_finance_overview","APPLICATION","ADS","finance_overview_id","forecast_variance_amount","预测预算差额","decimal(18,2)","MEASURE","false","forecast_variance_amount","IT-FIN-DE-AMOUNT-CNY","CNY","DATA_PUBLIC"
"70","it_fin_demo_ads_finance_overview","APPLICATION","ADS","finance_overview_id","execution_rate","预算执行率","decimal(7,4)","MEASURE","false","execution_rate","IT-FIN-DE-RATE","PERCENT","DATA_PUBLIC"
"71","it_fin_demo_ads_finance_overview","APPLICATION","ADS","finance_overview_id","occupation_rate","预算占用率","decimal(7,4)","MEASURE","false","occupation_rate","IT-FIN-DE-RATE","PERCENT","DATA_PUBLIC"
"72","it_fin_demo_ads_finance_overview","APPLICATION","ADS","finance_overview_id","payable_ratio","应付占实际比例","decimal(7,4)","MEASURE","true","payable_ratio","IT-FIN-DE-RATE","PERCENT","DATA_PUBLIC"
