id,年度,年度数值,期间类型,事业基金,事业基金备注,折旧基金,折旧基金备注,职工福利基金,安全生产基金
1,2020年初,2020,opening,800,承接上年,500,上年结转余额,200,100
2,2020年预计增加,2020,increase,776.0,预算拨付+投资收益,549.58,本年计提,110.27,56.55
3,2020年预计使用,2020,usage,799.95,科研项目支出,354.99,设备更新,178.02,118.12
4,2020年余额,2020,balance,776.05,= 800 + 776.0 - 799.95,694.59,= 500 + 549.58 - 354.99,132.25,38.43
5,2021年初,2021,opening,776.05,上年结转余额,694.59,期初承接,132.25,38.43
6,2021年预计增加,2021,increase,819.61,预算拨付+投资收益,486.4,计提折旧,108.63,87.88
7,2021年预计使用,2021,usage,532.52,科研项目支出,326.87,设备更新+维修,144.27,100.59
8,2021年余额,2021,balance,1063.14,= 776.05 + 819.61 - 532.52,854.12,= 694.59 + 486.4 - 326.87,96.61,25.72
9,2022年初,2022,opening,1063.14,期初承接,854.12,上年结转,96.61,25.72
10,2022年预计增加,2022,increase,689.34,投资分红+拨付,578.67,设备计提,149.1,122.64
11,2022年预计使用,2022,usage,770.74,基建+科研,309.5,设备更新,171.05,123.06
12,2022年余额,2022,balance,981.74,= 1063.14 + 689.34 - 770.74,1123.29,= 854.12 + 578.67 - 309.5,74.66,25.3
13,2023年初,2023,opening,981.74,期初承接,1123.29,上年结转,74.66,25.3
14,2023年预计增加,2023,increase,798.11,预算增拨,469.78,本年计提,84.93,92.62
15,2023年预计使用,2023,usage,552.98,科研项目支出,352.37,大修理支出,201.95,122.23
16,2023年余额,2023,balance,1226.87,= 981.74 + 798.11 - 552.98,1240.7,= 1123.29 + 469.78 - 352.37,10,5
17,2024年初,2024,opening,1226.87,期初承接,1240.7,承接上年,10,5
18,2024年预计增加,2024,increase,753.65,预算增拨,430.65,设备计提,168.06,127.24
19,2024年预计使用,2024,usage,532.44,基建+科研,497.72,设备更新,171.1,72.23
20,2024年余额,2024,balance,1448.08,= 1226.87 + 753.65 - 532.44,1173.63,= 1240.7 + 430.65 - 497.72,10,60.01
21,2025年初,2025,opening,1448.08,期初承接,1173.63,承接上年,10,60.01
22,2025年预计增加,2025,increase,521.93,预算拨付+投资收益,439.41,设备计提,153.24,80.32
23,2025年预计使用,2025,usage,725.48,科研+信息化,304.55,设备采购,125.45,119.78
24,2025年余额,2025,balance,1244.53,= 1448.08 + 521.93 - 725.48,1308.49,= 1173.63 + 439.41 - 304.55,37.79,20.55
25,2026年初,2026,opening,1244.53,期初承接,1308.49,上年结转,37.79,20.55
26,2026年预计增加,2026,increase,658.31,本年拨付,357.32,设备计提,108.96,82.51
27,2026年预计使用,2026,usage,622.95,基建+科研,397.25,大修理支出,195.15,49.31
28,2026年余额,2026,balance,1279.89,= 1244.53 + 658.31 - 622.95,1268.56,= 1308.49 + 357.32 - 397.25,10,53.75
29,2027年初,2027,opening,1279.89,上年结转余额,1268.56,上年结转余额,10,53.75
30,2027年预计增加,2027,increase,731.98,预算增拨,410.71,年度计提,146.42,77.5
31,2027年预计使用,2027,usage,651.43,基建+科研,331.27,设备采购,130.17,52.07
32,2027年余额,2027,balance,1360.44,= 1279.89 + 731.98 - 651.43,1348.0,= 1268.56 + 410.71 - 331.27,26.25,79.18
33,2028年初,2028,opening,1360.44,上年结转,1348.0,期初承接,26.25,79.18
34,2028年预计增加,2028,increase,495.77,预算增拨,521.58,本年计提,113.18,97.17
35,2028年预计使用,2028,usage,716.31,基建+科研,338.87,设备采购,143.31,70.23
36,2028年余额,2028,balance,1139.9,= 1360.44 + 495.77 - 716.31,1530.71,= 1348.0 + 521.58 - 338.87,10,106.12
37,2029年初,2029,opening,1139.9,上年结转,1530.71,上年结转,10,106.12
38,2029年预计增加,2029,increase,676.68,投资分红+拨付,509.23,本年计提,95.15,119.48
39,2029年预计使用,2029,usage,736.36,基建+科研,422.22,设备更新,156.33,84.05
40,2029年余额,2029,balance,1080.22,= 1139.9 + 676.68 - 736.36,1617.72,= 1530.71 + 509.23 - 422.22,10,141.55
41,2030年初,2030,opening,1080.22,期初承接,1617.72,承接上年,10,141.55
42,2030年预计增加,2030,increase,457.04,预算拨付+投资收益,319.6,计提折旧,139.01,96.16
43,2030年预计使用,2030,usage,374.6,科研项目支出,418.85,大修理支出,136.46,139.39
44,2030年余额,2030,balance,1162.66,= 1080.22 + 457.04 - 374.6,1518.47,= 1617.72 + 319.6 - 418.85,12.55,98.32
45,2031年初,2031,opening,1162.66,上年结转余额,1518.47,承接上年,12.55,98.32
46,2031年预计增加,2031,increase,625.26,预算增拨,432.82,本年计提,183.22,129.2
47,2031年预计使用,2031,usage,604.82,基建+科研,472.03,设备采购,213.71,60.78
48,2031年余额,2031,balance,1183.1,= 1162.66 + 625.26 - 604.82,1479.26,= 1518.47 + 432.82 - 472.03,10,166.74
49,2032年初,2032,opening,1183.1,上年结转,1479.26,期初承接,10,166.74
50,2032年预计增加,2032,increase,519.93,投资分红+拨付,465.6,年度计提,98.78,82.68
51,2032年预计使用,2032,usage,316.32,科研项目支出,336.43,设备更新+维修,133.93,125.96
52,2032年余额,2032,balance,1386.71,= 1183.1 + 519.93 - 316.32,1608.43,= 1479.26 + 465.6 - 336.43,10,123.46
53,2033年初,2033,opening,1386.71,期初承接,1608.43,期初承接,10,123.46
54,2033年预计增加,2033,increase,612.57,本年拨付,463.37,本年计提,157.72,122.67
55,2033年预计使用,2033,usage,329.82,科研+信息化,487.79,大修理支出,171.41,122.42
56,2033年余额,2033,balance,1669.46,= 1386.71 + 612.57 - 329.82,1584.01,= 1608.43 + 463.37 - 487.79,10,123.71
57,2034年初,2034,opening,1669.46,上年结转,1584.01,承接上年,10,123.71
58,2034年预计增加,2034,increase,744.34,投资分红+拨付,509.92,设备计提,193.12,90.04
59,2034年预计使用,2034,usage,340.22,科研+信息化,261.96,设备更新,151.84,72.23
60,2034年余额,2034,balance,2073.58,= 1669.46 + 744.34 - 340.22,1831.97,= 1584.01 + 509.92 - 261.96,51.28,141.52
61,2035年初,2035,opening,2073.58,上年结转,1831.97,期初承接,51.28,141.52
62,2035年预计增加,2035,increase,880.96,预算增拨,550.79,本年计提,149.02,126.06
63,2035年预计使用,2035,usage,681.55,科研+信息化,302.56,设备更新+维修,162.28,84.22
64,2035年余额,2035,balance,2272.99,= 2073.58 + 880.96 - 681.55,2080.2,= 1831.97 + 550.79 - 302.56,38.02,183.36
65,2036年初,2036,opening,2272.99,承接上年,2080.2,承接上年,38.02,183.36
66,2036年预计增加,2036,increase,884.53,预算拨付+投资收益,441.0,计提折旧,129.0,75.68
67,2036年预计使用,2036,usage,464.9,科研项目支出,458.1,大修理支出,134.59,134.52
68,2036年余额,2036,balance,2692.62,= 2272.99 + 884.53 - 464.9,2063.1,= 2080.2 + 441.0 - 458.1,32.43,124.52
69,2037年初,2037,opening,2692.62,上年结转,2063.1,上年结转余额,32.43,124.52
70,2037年预计增加,2037,increase,526.2,预算拨付+投资收益,334.78,设备计提,172.71,119.19
71,2037年预计使用,2037,usage,506.62,重大专项支出,306.27,设备更新,143.41,115.64
72,2037年余额,2037,balance,2712.2,= 2692.62 + 526.2 - 506.62,2091.61,= 2063.1 + 334.78 - 306.27,61.73,128.07
73,2038年初,2038,opening,2712.2,上年结转余额,2091.61,上年结转余额,61.73,128.07
74,2038年预计增加,2038,increase,674.61,预算拨付+投资收益,578.3,本年计提,132.57,105.86
75,2038年预计使用,2038,usage,786.57,科研项目支出,432.66,大修理支出,128.72,55.84
76,2038年余额,2038,balance,2600.24,= 2712.2 + 674.61 - 786.57,2237.25,= 2091.61 + 578.3 - 432.66,65.58,178.09
77,2039年初,2039,opening,2600.24,上年结转,2237.25,期初承接,65.58,178.09
78,2039年预计增加,2039,increase,896.13,本年拨付,573.88,设备计提,135.37,59.4
79,2039年预计使用,2039,usage,766.33,重大专项支出,337.56,大修理支出,184.65,81.55
80,2039年余额,2039,balance,2730.04,= 2600.24 + 896.13 - 766.33,2473.57,= 2237.25 + 573.88 - 337.56,16.3,155.94
81,2040年初,2040,opening,2730.04,上年结转余额,2473.57,承接上年,16.3,155.94
82,2040年预计增加,2040,increase,675.63,本年拨付,415.08,本年计提,190.62,90.66
83,2040年预计使用,2040,usage,438.12,科研+信息化,487.0,设备更新,149.79,133.42
84,2040年余额,2040,balance,2967.55,= 2730.04 + 675.63 - 438.12,2401.65,= 2473.57 + 415.08 - 487.0,57.13,113.18
85,2041年初,2041,opening,2967.55,期初承接,2401.65,上年结转余额,57.13,113.18
86,2041年预计增加,2041,increase,818.74,投资分红+拨付,473.98,设备计提,159.19,119.22
87,2041年预计使用,2041,usage,472.56,科研+信息化,415.58,设备更新+维修,165.21,85.53
88,2041年余额,2041,balance,3313.73,= 2967.55 + 818.74 - 472.56,2460.05,= 2401.65 + 473.98 - 415.58,51.11,146.87
89,2042年初,2042,opening,3313.73,上年结转余额,2460.05,承接上年,51.11,146.87
90,2042年预计增加,2042,increase,516.78,投资分红+拨付,532.66,设备计提,85.24,109.58
91,2042年预计使用,2042,usage,794.21,科研项目支出,487.72,设备更新+维修,178.24,55.21
92,2042年余额,2042,balance,3036.3,= 3313.73 + 516.78 - 794.21,2504.99,= 2460.05 + 532.66 - 487.72,10,201.24
93,2043年初,2043,opening,3036.3,期初承接,2504.99,上年结转,10,201.24
94,2043年预计增加,2043,increase,837.1,本年拨付,432.09,设备计提,143.11,86.55
95,2043年预计使用,2043,usage,735.47,科研+信息化,540.99,设备采购,108.98,118.15
96,2043年余额,2043,balance,3137.93,= 3036.3 + 837.1 - 735.47,2396.09,= 2504.99 + 432.09 - 540.99,44.13,169.64
97,2044年初,2044,opening,3137.93,承接上年,2396.09,上年结转,44.13,169.64
98,2044年预计增加,2044,increase,825.88,预算增拨,555.7,设备计提,183.12,80.4
99,2044年预计使用,2044,usage,736.19,科研+信息化,260.77,设备更新+维修,108.21,103.12
100,2044年余额,2044,balance,3227.62,= 3137.93 + 825.88 - 736.19,2691.02,= 2396.09 + 555.7 - 260.77,119.04,146.92
