id,科目编号,科目名称,项目编号,项目名称,部门名称,合同名称,余额
1,5001.01,原材料-钢材,PRJ-002,智能电网升级,电力部,场地租赁协议,2236483.08
2,5001.05,服务器设备,PRJ-004,供应链数字化,采购部,场地租赁协议,864836.65
3,5001.03,原材料-电缆,PRJ-009,新材料研发,研发部,第三方检测合同,3404278.47
4,5001.03,原材料-电缆,PRJ-001,新一代涡轮组装,制造部,产线设备采购合同,1899654.1
5,5001.01,原材料-钢材,PRJ-010,客户门户平台,营销部,ERP定制开发合同,1630759.32
6,5101.04,软件开发费,PRJ-009,新材料研发,研发部,PLC采购合同,3621211.92
7,5501.02,场地租赁费,PRJ-005,质量管理体系认证,质量部,—,101665.14
8,5401.01,设计咨询费,PRJ-003,数据中心迁移,IT部,SCM系统开发合同,2754991.61
9,5001.07,自动化设备,PRJ-003,数据中心迁移,IT部,SCM培训服务合同,2725926.63
10,5101.03,数据迁移服务,PRJ-002,智能电网升级,电力部,变压器采购合同,2903886.07
11,5201.02,厂房折旧,PRJ-006,生产线自动化改造,制造部,实验材料采购协议,6466669.77
12,5101.08,定制开发费,PRJ-008,环保合规改造,安环部,变压器采购合同,7786270.32
13,5001.03,原材料-电缆,PRJ-007,ERP系统升级,IT部,ERP定制开发合同,2380767.34
14,5701.01,专利申请费,PRJ-010,客户门户平台,营销部,—,2924998.46
15,5401.01,设计咨询费,PRJ-004,供应链数字化,采购部,电缆采购框架协议,414303.85
16,5501.01,机房租赁费,PRJ-004,供应链数字化,采购部,光纤设备合同,7882511.09
17,5601.02,用户培训费,PRJ-004,供应链数字化,采购部,变压器采购合同,3072003.49
18,5301.01,检测试验费,PRJ-008,环保合规改造,安环部,知识产权服务合同,2950415.82
19,5101.02,安装调试费,PRJ-006,生产线自动化改造,制造部,产线设备采购合同,5377892.64
20,5201.02,厂房折旧,PRJ-002,智能电网升级,电力部,电网设计咨询合同,1410552.25
21,5001.06,网络设备,PRJ-004,供应链数字化,采购部,SCM实施服务合同,3066670.76
22,5001.08,PLC控制器,PRJ-009,新材料研发,研发部,技术顾问服务合同,2628047.74
23,5001.08,PLC控制器,PRJ-001,新一代涡轮组装,制造部,知识产权服务合同,305196.94
24,5101.03,数据迁移服务,PRJ-006,生产线自动化改造,制造部,实验材料采购协议,576199.41
25,5701.01,专利申请费,PRJ-010,客户门户平台,营销部,IDC机房租赁协议,2551689.15
26,5101.03,数据迁移服务,PRJ-008,环保合规改造,安环部,电网设计咨询合同,3697872.23
27,5001.05,服务器设备,PRJ-005,质量管理体系认证,质量部,PLC采购合同,5972662.41
28,5001.09,实验材料,PRJ-009,新材料研发,研发部,场地租赁协议,4697458.62
29,5101.03,数据迁移服务,PRJ-010,客户门户平台,营销部,电网安装服务合同,1793600.04
30,5101.07,ERP许可证,PRJ-003,数据中心迁移,IT部,自动化集成服务合同,772729.83
31,5601.02,用户培训费,PRJ-001,新一代涡轮组装,制造部,变压器采购合同,1265088.49
32,5501.02,场地租赁费,PRJ-003,数据中心迁移,IT部,技术顾问服务合同,3406171.74
33,5101.03,数据迁移服务,PRJ-002,智能电网升级,电力部,数据迁移外包合同,4787313.01
34,5101.07,ERP许可证,PRJ-008,环保合规改造,安环部,实验材料采购协议,7770073.1
35,5301.02,实验室使用费,PRJ-001,新一代涡轮组装,制造部,场地租赁协议,960686.36
36,5501.01,机房租赁费,PRJ-009,新材料研发,研发部,实验材料采购协议,6160359.92
37,5001.04,原材料-变压器,PRJ-006,生产线自动化改造,制造部,光纤设备合同,3506383.74
38,5001.01,原材料-钢材,PRJ-008,环保合规改造,安环部,场地租赁协议,7013030.88
39,5101.07,ERP许可证,PRJ-005,质量管理体系认证,质量部,SCM培训服务合同,1470282.45
40,5601.02,用户培训费,PRJ-002,智能电网升级,电力部,电网设计咨询合同,2422636.09
41,5201.02,厂房折旧,PRJ-009,新材料研发,研发部,产线设备采购合同,1265072.18
42,5101.08,定制开发费,PRJ-003,数据中心迁移,IT部,SCM培训服务合同,7383350.94
43,5201.02,厂房折旧,PRJ-001,新一代涡轮组装,制造部,精密加工服务合同,3934415.38
44,5101.02,安装调试费,PRJ-002,智能电网升级,电力部,知识产权服务合同,6463859.7
45,5001.02,原材料-铝合金,PRJ-004,供应链数字化,采购部,PLC采购合同,7030176.31
46,5001.03,原材料-电缆,PRJ-002,智能电网升级,电力部,场地租赁协议,3913624.18
47,5501.01,机房租赁费,PRJ-002,智能电网升级,电力部,ERP定制开发合同,6138383.71
48,5301.02,实验室使用费,PRJ-003,数据中心迁移,IT部,自动化集成服务合同,7577447.0
49,5001.09,实验材料,PRJ-003,数据中心迁移,IT部,ERP软件许可合同,6985842.68
50,5001.07,自动化设备,PRJ-007,ERP系统升级,IT部,ERP定制开发合同,6054358.31
51,5401.01,设计咨询费,PRJ-004,供应链数字化,采购部,光纤设备合同,3221988.78
52,5101.05,实施部署费,PRJ-006,生产线自动化改造,制造部,ERP软件许可合同,3639314.82
53,5001.08,PLC控制器,PRJ-004,供应链数字化,采购部,电缆采购框架协议,2737780.22
54,5101.08,定制开发费,PRJ-010,客户门户平台,营销部,PLC采购合同,4728098.91
55,5001.03,原材料-电缆,PRJ-001,新一代涡轮组装,制造部,IDC机房租赁协议,5067268.51
56,5001.03,原材料-电缆,PRJ-004,供应链数字化,采购部,铝合金采购合同-2025B,6884101.43
57,5101.07,ERP许可证,PRJ-002,智能电网升级,电力部,PLC采购合同,2263894.25
58,5001.07,自动化设备,PRJ-008,环保合规改造,安环部,ERP定制开发合同,1101879.2
59,5201.01,设备折旧,PRJ-010,客户门户平台,营销部,自动化集成服务合同,1981828.08
60,5501.02,场地租赁费,PRJ-008,环保合规改造,安环部,SCM系统开发合同,1563758.82
61,5301.02,实验室使用费,PRJ-002,智能电网升级,电力部,SCM系统开发合同,2866665.65
62,5101.05,实施部署费,PRJ-007,ERP系统升级,IT部,—,5846153.0
63,5001.02,原材料-铝合金,PRJ-002,智能电网升级,电力部,数据迁移外包合同,5839298.03
64,5001.08,PLC控制器,PRJ-002,智能电网升级,电力部,产线设备采购合同,1562160.82
65,5001.05,服务器设备,PRJ-008,环保合规改造,安环部,SCM系统开发合同,1508729.88
66,5001.08,PLC控制器,PRJ-008,环保合规改造,安环部,—,7389961.51
67,5501.02,场地租赁费,PRJ-008,环保合规改造,安环部,—,6854936.8
68,5001.02,原材料-铝合金,PRJ-002,智能电网升级,电力部,电网设计咨询合同,7994295.62
69,5001.03,原材料-电缆,PRJ-001,新一代涡轮组装,制造部,SCM培训服务合同,6797131.09
70,5101.04,软件开发费,PRJ-003,数据中心迁移,IT部,自动化集成服务合同,3876799.42
71,5701.01,专利申请费,PRJ-007,ERP系统升级,IT部,铝合金采购合同-2025B,1358865.12
72,5101.03,数据迁移服务,PRJ-001,新一代涡轮组装,制造部,实验材料采购协议,7415818.68
73,5001.10,光纤模块,PRJ-008,环保合规改造,安环部,SCM系统开发合同,5587902.45
74,5301.02,实验室使用费,PRJ-009,新材料研发,研发部,IDC机房租赁协议,3919037.72
75,5001.10,光纤模块,PRJ-004,供应链数字化,采购部,产线设备采购合同,7751239.45
76,5401.02,技术顾问费,PRJ-010,客户门户平台,营销部,ERP定制开发合同,534612.69
77,5001.02,原材料-铝合金,PRJ-006,生产线自动化改造,制造部,铝合金采购合同-2025B,4694211.88
78,5601.02,用户培训费,PRJ-009,新材料研发,研发部,ERP软件许可合同,1301590.19
79,5001.03,原材料-电缆,PRJ-009,新材料研发,研发部,—,1527308.44
80,5001.03,原材料-电缆,PRJ-010,客户门户平台,营销部,技术顾问服务合同,6901462.66
81,5001.04,原材料-变压器,PRJ-007,ERP系统升级,IT部,第三方检测合同,2007412.01
82,5001.02,原材料-铝合金,PRJ-010,客户门户平台,营销部,实验室租赁合同,701768.07
83,5201.01,设备折旧,PRJ-010,客户门户平台,营销部,ERP软件许可合同,2565140.28
84,5001.07,自动化设备,PRJ-005,质量管理体系认证,质量部,技术顾问服务合同,5743724.82
85,5001.09,实验材料,PRJ-004,供应链数字化,采购部,数据迁移外包合同,1090482.34
86,5101.05,实施部署费,PRJ-005,质量管理体系认证,质量部,精密加工服务合同,7435695.74
87,5001.01,原材料-钢材,PRJ-002,智能电网升级,电力部,SCM实施服务合同,4988216.08
88,5001.04,原材料-变压器,PRJ-010,客户门户平台,营销部,电缆采购框架协议,4324193.51
89,5001.09,实验材料,PRJ-009,新材料研发,研发部,服务器采购合同-DC,7469412.06
90,5701.01,专利申请费,PRJ-002,智能电网升级,电力部,PLC采购合同,2987740.36
91,5101.05,实施部署费,PRJ-003,数据中心迁移,IT部,知识产权服务合同,4368582.8
92,5201.02,厂房折旧,PRJ-005,质量管理体系认证,质量部,ERP培训服务合同,5249111.73
93,5301.02,实验室使用费,PRJ-001,新一代涡轮组装,制造部,知识产权服务合同,4459088.15
94,5701.01,专利申请费,PRJ-002,智能电网升级,电力部,服务器采购合同-DC,2152504.08
95,5401.02,技术顾问费,PRJ-002,智能电网升级,电力部,ERP定制开发合同,1285810.88
96,5201.02,厂房折旧,PRJ-005,质量管理体系认证,质量部,产线设备采购合同,5755016.89
97,5301.02,实验室使用费,PRJ-004,供应链数字化,采购部,电网设计咨询合同,6830656.88
98,5101.06,产线集成费,PRJ-009,新材料研发,研发部,实验材料采购协议,7247425.1
99,5001.03,原材料-电缆,PRJ-001,新一代涡轮组装,制造部,电网设计咨询合同,3417427.39
100,5001.02,原材料-铝合金,PRJ-005,质量管理体系认证,质量部,钢材采购合同-2025A,2701774.48
