sys.nav.portal.workbenchOverview	我的概览	/workbench	EMPLOYEE|DEPT_DATA_OWNER|DEPT_LEADER|INST_DATA_OWNER|INST_LEADER|ADMIN|OP_ADMIN
sys.nav.portal.workbenchTodo	待办事项	/workbench/todo	EMPLOYEE|DEPT_DATA_OWNER|DEPT_LEADER|INST_DATA_OWNER|INST_LEADER|ADMIN|OP_ADMIN
sys.nav.portal.resourceConnectors	连接器目录	/foundation/connectors	DEPT_DATA_OWNER|DEPT_LEADER|INST_DATA_OWNER|INST_LEADER|ADMIN|OP_ADMIN
sys.nav.portal.resourceSources	数据源管理	/foundation/data-sources	DEPT_DATA_OWNER|DEPT_LEADER|INST_DATA_OWNER|INST_LEADER|ADMIN|OP_ADMIN
sys.nav.portal.resourceJdbcDrivers	驱动管理	/foundation/jdbc-drivers	DEPT_DATA_OWNER|DEPT_LEADER|INST_DATA_OWNER|INST_LEADER|ADMIN|OP_ADMIN
sys.nav.portal.resourceMetadata	元数据采集	/catalog/metadata	DEPT_DATA_OWNER|DEPT_LEADER|INST_DATA_OWNER|INST_LEADER|ADMIN|OP_ADMIN
sys.nav.portal.resourceIngestion	数据入湖配置	/explore/etl/transform	DEPT_DATA_OWNER|DEPT_LEADER|INST_DATA_OWNER|INST_LEADER|ADMIN|OP_ADMIN
sys.nav.portal.resourceChanges	接入变更记录	/foundation/access-changes	DEPT_DATA_OWNER|DEPT_LEADER|INST_DATA_OWNER|INST_LEADER|ADMIN|OP_ADMIN
sys.nav.portal.studioProjects	项目空间管理	/modeling/templates	DEPT_DATA_OWNER|DEPT_LEADER|INST_DATA_OWNER|INST_LEADER|ADMIN|OP_ADMIN
sys.nav.portal.studioSqlModeling	逻辑建模（SQL）	/modeling/templates	DEPT_DATA_OWNER|DEPT_LEADER|INST_DATA_OWNER|INST_LEADER|ADMIN|OP_ADMIN
sys.nav.portal.metricsWorkbench	指标工作台	/metrics/center	DEPT_DATA_OWNER|DEPT_LEADER|INST_DATA_OWNER|INST_LEADER|ADMIN|OP_ADMIN
sys.nav.portal.metricsDictionary	指标字典	/metrics/dictionary	DEPT_DATA_OWNER|DEPT_LEADER|INST_DATA_OWNER|INST_LEADER|ADMIN|OP_ADMIN
sys.nav.portal.metricsSubjects	主题域映射	/metrics/semantic/subjects	DEPT_DATA_OWNER|DEPT_LEADER|INST_DATA_OWNER|INST_LEADER|ADMIN|OP_ADMIN
sys.nav.portal.metricsObjects	业务对象 Join	/metrics/semantic/objects	DEPT_DATA_OWNER|DEPT_LEADER|INST_DATA_OWNER|INST_LEADER|ADMIN|OP_ADMIN
sys.nav.portal.metricsDesigner	指标可视化配置	/metrics/semantic/metrics	DEPT_DATA_OWNER|DEPT_LEADER|INST_DATA_OWNER|INST_LEADER|ADMIN|OP_ADMIN
sys.nav.portal.metricsModels	DWS/ADS 数据集	/metrics/semantic/models	DEPT_DATA_OWNER|DEPT_LEADER|INST_DATA_OWNER|INST_LEADER|ADMIN|OP_ADMIN
sys.nav.portal.metricsPublish	审核发布与血缘	/metrics/semantic/publish	DEPT_DATA_OWNER|DEPT_LEADER|INST_DATA_OWNER|INST_LEADER|ADMIN|OP_ADMIN
sys.nav.portal.metricsRuns	模型运行监控	/metrics/semantic/runs	DEPT_DATA_OWNER|DEPT_LEADER|INST_DATA_OWNER|INST_LEADER|ADMIN|OP_ADMIN
sys.nav.portal.studioScripts	脚本开发（Python/Spark）	/explore/etl/transform	DEPT_DATA_OWNER|DEPT_LEADER|INST_DATA_OWNER|INST_LEADER|ADMIN|OP_ADMIN
sys.nav.portal.studioOrchestration	任务编排	/explore/etl/orchestration	DEPT_DATA_OWNER|DEPT_LEADER|INST_DATA_OWNER|INST_LEADER|ADMIN|OP_ADMIN
sys.nav.portal.studioAdhoc	即席查询	/explore/workbench	DEPT_DATA_OWNER|DEPT_LEADER|INST_DATA_OWNER|INST_LEADER|ADMIN|OP_ADMIN
sys.nav.portal.studioDbtFiles	项目文件浏览	/modeling/dbt-files	DEPT_DATA_OWNER|DEPT_LEADER|INST_DATA_OWNER|INST_LEADER|ADMIN|OP_ADMIN
sys.nav.portal.governanceSubjects	主题域管理	/governance/subjects	DEPT_DATA_OWNER|DEPT_LEADER|INST_DATA_OWNER|INST_LEADER|ADMIN|OP_ADMIN
sys.nav.portal.governanceGlossary	业务术语	/governance/standards/glossary	DEPT_DATA_OWNER|DEPT_LEADER|INST_DATA_OWNER|INST_LEADER|ADMIN|OP_ADMIN
sys.nav.portal.governanceElements	数据元	/governance/standards/elements	DEPT_DATA_OWNER|DEPT_LEADER|INST_DATA_OWNER|INST_LEADER|ADMIN|OP_ADMIN
sys.nav.portal.governanceReference	公共码表	/governance/standards/reference	DEPT_DATA_OWNER|DEPT_LEADER|INST_DATA_OWNER|INST_LEADER|ADMIN|OP_ADMIN
sys.nav.portal.governanceTemplates	标准模板	/governance/templates	DEPT_DATA_OWNER|DEPT_LEADER|INST_DATA_OWNER|INST_LEADER|ADMIN|OP_ADMIN
sys.nav.portal.governanceQualityRules	质量管控	/governance/rules	DEPT_DATA_OWNER|DEPT_LEADER|INST_DATA_OWNER|INST_LEADER|ADMIN|OP_ADMIN
sys.nav.portal.governanceQualityReport	质量报告	/governance/quality	DEPT_DATA_OWNER|DEPT_LEADER|INST_DATA_OWNER|INST_LEADER|ADMIN|OP_ADMIN
sys.nav.portal.governanceClassification	分级分类	/security/data-security	DEPT_DATA_OWNER|DEPT_LEADER|INST_DATA_OWNER|INST_LEADER|ADMIN|OP_ADMIN
sys.nav.portal.dataPortalMap	资产地图	/catalog/assets	DEPT_DATA_OWNER|DEPT_LEADER|INST_DATA_OWNER|INST_LEADER|ADMIN|OP_ADMIN
sys.nav.portal.dataPortalSearch	数据搜索	/catalog/search	DEPT_DATA_OWNER|DEPT_LEADER|INST_DATA_OWNER|INST_LEADER|ADMIN|OP_ADMIN
sys.nav.portal.dataPortalDetail	资产详情	/catalog/asset-detail	DEPT_DATA_OWNER|DEPT_LEADER|INST_DATA_OWNER|INST_LEADER|ADMIN|OP_ADMIN
sys.nav.portal.dataPortalLineage	血缘与影响分析	/catalog/lineage	DEPT_DATA_OWNER|DEPT_LEADER|INST_DATA_OWNER|INST_LEADER|ADMIN|OP_ADMIN
sys.nav.portal.dataPortalLineageImpact	影响分析	/catalog/lineage/impact	DEPT_DATA_OWNER|DEPT_LEADER|INST_DATA_OWNER|INST_LEADER|ADMIN|OP_ADMIN
sys.nav.portal.dataPortalLineageGraph	血缘图谱	/catalog/lineage/graph	DEPT_DATA_OWNER|DEPT_LEADER|INST_DATA_OWNER|INST_LEADER|ADMIN|OP_ADMIN
sys.nav.portal.dataPortalLineageColumns	字段血缘	/catalog/lineage/columns	DEPT_DATA_OWNER|DEPT_LEADER|INST_DATA_OWNER|INST_LEADER|ADMIN|OP_ADMIN
sys.nav.portal.dataPortalLineageImport	血缘导入	/catalog/lineage/import	ADMIN|OP_ADMIN
sys.nav.portal.dataPortalLineageDiff	快照对比	/catalog/lineage/diff	DEPT_DATA_OWNER|DEPT_LEADER|INST_DATA_OWNER|INST_LEADER|ADMIN|OP_ADMIN
sys.nav.portal.dataPortalPermission	权限申请	/security/dataset-access-approval	DEPT_DATA_OWNER|DEPT_LEADER|INST_DATA_OWNER|INST_LEADER|ADMIN|OP_ADMIN
sys.nav.portal.opsOverview	运行概览	/ops/overview	DEPT_DATA_OWNER|DEPT_LEADER|INST_DATA_OWNER|INST_LEADER|ADMIN|OP_ADMIN|SYS_ADMIN
sys.nav.portal.opsInstances	任务实例监控	/ops/instances	DEPT_DATA_OWNER|DEPT_LEADER|INST_DATA_OWNER|INST_LEADER|ADMIN|OP_ADMIN|SYS_ADMIN
sys.nav.portal.opsAlerts	告警记录	/ops/alerts	DEPT_DATA_OWNER|DEPT_LEADER|INST_DATA_OWNER|INST_LEADER|ADMIN|OP_ADMIN|SYS_ADMIN
sys.nav.portal.opsBackfill	补数管理	/ops/backfill	DEPT_DATA_OWNER|DEPT_LEADER|INST_DATA_OWNER|INST_LEADER|ADMIN|OP_ADMIN|SYS_ADMIN
sys.nav.portal.serviceApi	数据 API 管理	/services/apis	DEPT_DATA_OWNER|DEPT_LEADER|INST_DATA_OWNER|INST_LEADER|ADMIN|OP_ADMIN
sys.nav.portal.serviceOutbound	数据推送	/services/products	DEPT_DATA_OWNER|DEPT_LEADER|INST_DATA_OWNER|INST_LEADER|ADMIN|OP_ADMIN
sys.nav.portal.serviceExchange	共享交换	/services/tokens	DEPT_DATA_OWNER|DEPT_LEADER|INST_DATA_OWNER|INST_LEADER|ADMIN|OP_ADMIN
sys.nav.portal.biScreens	数据大屏	/bi/screens	DEPT_DATA_OWNER|DEPT_LEADER|INST_DATA_OWNER|INST_LEADER|ADMIN|OP_ADMIN
sys.nav.portal.biDashboards	分析看板	/bi/dashboards	DEPT_DATA_OWNER|DEPT_LEADER|INST_DATA_OWNER|INST_LEADER|ADMIN|OP_ADMIN
sys.nav.portal.biQuestions	分析卡片	/bi/questions	DEPT_DATA_OWNER|DEPT_LEADER|INST_DATA_OWNER|INST_LEADER|ADMIN|OP_ADMIN
sys.nav.portal.biData	数据管理	/bi/data	DEPT_DATA_OWNER|DEPT_LEADER|INST_DATA_OWNER|INST_LEADER|ADMIN|OP_ADMIN
sys.nav.portal.biProjectCockpit	项目看板	/bi/project-cockpit	DEPT_DATA_OWNER|DEPT_LEADER|INST_DATA_OWNER|INST_LEADER|ADMIN|OP_ADMIN
