name	layer	sql_path	source_data_source_id	alias	schema_name	materialized	tags	status	enabled	owner_dept	description	csv_path
dim_completion_status_v2	DWD	models/dwd/dim_completion_status_v2.sql			public	table	project-management-v3,dim,dwd	DRAFT	true		完成情况维度表
dim_node_type_v2	DWD	models/dwd/dim_node_type_v2.sql			public	table	project-management-v3,dim,dwd	DRAFT	true		节点类型维度表
dim_risk_level_v2	DWD	models/dwd/dim_risk_level_v2.sql			public	table	project-management-v3,dim,dwd	DRAFT	true		风险等级维度表
dim_quality_status_v2	DWD	models/dwd/dim_quality_status_v2.sql			public	table	project-management-v3,dim,dwd	DRAFT	true		质量归零状态维度表
dim_change_category_v2	DWD	models/dwd/dim_change_category_v2.sql			public	table	project-management-v3,dim,dwd	DRAFT	true		更改类别维度表
dim_signature_status_v2	DWD	models/dwd/dim_signature_status_v2.sql			public	table	project-management-v3,dim,dwd	DRAFT	true		文件签署状态维度表
biz_dwd_project_node_v2	DWD	models/dwd/biz_dwd_project_node_v2.sql			public	table	project-management-v3,biz,dwd	DRAFT	true		进度节点事实表
biz_dwd_quality_issue_v2	DWD	models/dwd/biz_dwd_quality_issue_v2.sql			public	table	project-management-v3,biz,dwd,quality	DRAFT	true		质量问题事实表
biz_dwd_tech_state_v2	DWD	models/dwd/biz_dwd_tech_state_v2.sql			public	table	project-management-v3,biz,dwd,tech-state	DRAFT	true		技术状态事实表
biz_dwd_risk_info_v2	DWD	models/dwd/biz_dwd_risk_info_v2.sql			public	table	project-management-v3,biz,dwd,risk	DRAFT	true		风险事实表
biz_dws_progress_monthly_v2	DWS	models/dws/biz_dws_progress_monthly_v2.sql			public	table	project-management-v3,biz,dws	DRAFT	true		进度域月度汇总
biz_dws_quality_monthly_v2	DWS	models/dws/biz_dws_quality_monthly_v2.sql			public	table	project-management-v3,biz,dws,quality	DRAFT	true		质量域月度汇总
biz_dws_tech_state_monthly_v2	DWS	models/dws/biz_dws_tech_state_monthly_v2.sql			public	table	project-management-v3,biz,dws,tech-state	DRAFT	true		技术状态域月度汇总
biz_dws_risk_monthly_v2	DWS	models/dws/biz_dws_risk_monthly_v2.sql			public	table	project-management-v3,biz,dws,risk	DRAFT	true		风险域月度汇总
biz_ads_progress_kpi_v2	ADS	models/ads/biz_ads_progress_kpi_v2.sql			public	table	project-management-v3,biz,ads,kpi	DRAFT	true		进度域原始指标（33个）
biz_ads_quality_kpi_v2	ADS	models/ads/biz_ads_quality_kpi_v2.sql			public	table	project-management-v3,biz,ads,kpi,quality	DRAFT	true		质量域原始指标（15个）
biz_ads_tech_state_kpi_v2	ADS	models/ads/biz_ads_tech_state_kpi_v2.sql			public	table	project-management-v3,biz,ads,kpi,tech-state	DRAFT	true		技术状态域原始指标（19个）
biz_ads_risk_kpi_v2	ADS	models/ads/biz_ads_risk_kpi_v2.sql			public	table	project-management-v3,biz,ads,kpi,risk	DRAFT	true		风险域KPI（风险总数/高中低/释放率）
biz_ads_progress_derived_v2	ADS	models/ads/biz_ads_progress_derived_v2.sql			public	table	project-management-v3,biz,ads,derived	DRAFT	true		进度域二次指标（6个：含健康分）
biz_ads_quality_derived_v2	ADS	models/ads/biz_ads_quality_derived_v2.sql			public	table	project-management-v3,biz,ads,derived,quality	DRAFT	true		质量域二次指标（5个：含健康分）
biz_ads_tech_state_derived_v2	ADS	models/ads/biz_ads_tech_state_derived_v2.sql			public	table	project-management-v3,biz,ads,derived,tech-state	DRAFT	true		技术状态域二次指标（5个：含健康分）
biz_ads_composite_derived_v2	ADS	models/ads/biz_ads_composite_derived_v2.sql			public	table	project-management-v3,biz,ads,derived,composite	DRAFT	true		综合域二次指标（综合健康度+风险预警指数）
