"sequence","module","route","object_code","object_name","expected_status","actual_id","actual_revision","actual_status","evidence_path","notes"
"1","数据源","/foundation/data-sources","IT_DEMO_PG","IT Demo PostgreSQL","连接测试通过","","","","evidence/01-source-ingestion.md","凭据不写入本文件"
"2","入湖任务","/explore/etl/transform","IT_DEMO_INGEST","IT Demo 项目健康入湖","运行成功","","","","evidence/01-source-ingestion.md","可为1个多表任务或3个单表任务"
"3","ODS","/catalog/metadata-management","ODS_IT_DEMO_ORG","Demo 组织 ODS","CURRENT","","","","evidence/02-planning-metadata.md","物理名 ods_it_demo_org"
"4","ODS","/catalog/metadata-management","ODS_IT_DEMO_PROJECT","Demo 项目 ODS","CURRENT","","","","evidence/02-planning-metadata.md","物理名 ods_it_demo_project"
"5","ODS","/catalog/metadata-management","ODS_IT_DEMO_TASK_SNAPSHOT","Demo 任务快照 ODS","CURRENT","","","","evidence/02-planning-metadata.md","物理名 ods_it_demo_task_snapshot"
"6","业务域","/governance/subjects","IT_DEMO_PROJECT","研发项目治理","已确认","","","","evidence/02-planning-metadata.md",""
"7","业务过程","/governance/subjects","IT_DEMO_PROJECT_HEALTH","项目健康监测","已确认","","","","evidence/02-planning-metadata.md",""
"8","数据集市","/governance/subjects","IT_DEMO_PM_MART","项目健康分析集市","CURRENT","","","","evidence/02-planning-metadata.md",""
"9","建设计划","/modeling/plans","SYSTEM_GENERATED","IT Demo 项目健康度建设计划","基线已确认","","","","evidence/02-planning-metadata.md",""
"10","码表","/governance/standards/reference","IT-RC-TASK-STATUS","任务状态","现行","","","","evidence/03-standards-master-data.md",""
"11","码表","/governance/standards/reference","IT-RC-RISK-LEVEL","风险等级","现行","","","","evidence/03-standards-master-data.md",""
"12","码表","/governance/standards/reference","IT-RC-PROJECT-HEALTH","项目健康状态","现行","","","","evidence/03-standards-master-data.md",""
"13","维度定义","/modeling/dimensions","SYSTEM_GENERATED","日期","CURRENT","","","","evidence/04-model-design.md",""
"14","维度定义","/modeling/dimensions","SYSTEM_GENERATED","组织机构","CURRENT","","","","evidence/04-model-design.md",""
"15","维度定义","/modeling/dimensions","SYSTEM_GENERATED","研发项目","CURRENT","","","","evidence/04-model-design.md",""
"16","DIMENSION","/modeling/models","SYSTEM_GENERATED","it_demo_dwd_dim_date","RELEASE_READY","","","","evidence/05-build-materialization.md",""
"17","DIMENSION","/modeling/models","SYSTEM_GENERATED","it_demo_dwd_dim_org","RELEASE_READY","","","","evidence/05-build-materialization.md",""
"18","DIMENSION","/modeling/models","SYSTEM_GENERATED","it_demo_dwd_dim_project","RELEASE_READY","","","","evidence/05-build-materialization.md",""
"19","FACT","/modeling/models","SYSTEM_GENERATED","it_demo_dwd_fct_task_snapshot","RELEASE_READY","","","","evidence/05-build-materialization.md",""
"20","SUMMARY","/modeling/models","SYSTEM_GENERATED","it_demo_dws_project_health","RELEASE_READY","","","","evidence/05-build-materialization.md",""
"21","APPLICATION","/modeling/models","SYSTEM_GENERATED","it_demo_ads_project_overview","RELEASE_READY","","","","evidence/05-build-materialization.md",""
"22","指标","/modeling/metric-workbench","IT_TASK_TOTAL","任务总数","PUBLISHED","","","","evidence/07-metrics.md",""
"23","指标","/modeling/metric-workbench","IT_TASK_COMPLETED","已完成任务数","PUBLISHED","","","","evidence/07-metrics.md",""
"24","指标","/modeling/metric-workbench","IT_TASK_OVERDUE","延期任务数","PUBLISHED","","","","evidence/07-metrics.md",""
"25","指标","/modeling/metric-workbench","IT_TASK_HIGH_RISK","高风险任务数","PUBLISHED","","","","evidence/07-metrics.md",""
"26","指标","/modeling/metric-workbench","IT_ACTUAL_COST","实际成本","PUBLISHED","","","","evidence/07-metrics.md",""
"27","指标","/modeling/metric-workbench","IT_COMPLETION_RATE","任务完成率","PUBLISHED","","","","evidence/07-metrics.md",""
"28","BI","/bi/dashboards","SYSTEM_GENERATED","项目健康概览","已发布","","","","evidence/08-consumption-permission-lineage.md",""
"29","API","/services/apis","SYSTEM_GENERATED","项目健康概览 API","已发布","","","","evidence/08-consumption-permission-lineage.md",""
"30","数据产品","/catalog/data-products","SYSTEM_GENERATED","项目健康分析数据产品","已发布","","","","evidence/08-consumption-permission-lineage.md",""
"31","运行","/ops/instances","SYSTEM_GENERATED","基线/失败/修复运行","证据齐全","","","","evidence/09-ops-audit.md","至少3个run ID"
