序号,Excel表头,ODS字段名,类型,必填,枚举值/说明
1,项目编号,project_no,varchar,是,下拉选择
2,分系统/分任务,subsystem,varchar,,
3,节点任务及目标,node_task,varchar,,
4,节点计划时间,plan_date,varchar,,格式YYYY-MM-DD
5,节点计划周数,plan_week,varchar,,
6,完成情况,completion_status,varchar,,下拉选择
7,跟进措施类别,measure_category,varchar,,下拉选择
8,跟进措施题目,measure_title,varchar,,
9,跟进人,follow_up_person,varchar,,
10,主送,main_recipient,varchar,,
11,抄送,cc_recipient,varchar,,
12,跟进时间,follow_up_date,varchar,,格式YYYY-MM-DD
13,跟进周数,follow_up_week,varchar,,
14,闭环状态,closure_status,varchar,,下拉选择
15,最终闭环时间,final_closure_date,varchar,,格式YYYY-MM-DD
16,最终闭环周数,final_closure_week,varchar,,
17,闭环交付物类别,closure_deliverable_type,varchar,,下拉选择
18,闭环交付物,closure_deliverable,varchar,,
19,主要风险内容,risk_content,varchar,,
20,最后更新时间,last_update_time,varchar,,格式YYYY-MM-DD
21,最后更新周数,last_update_week,varchar,,
22,备注,remark,varchar,,
23,填写人,filled_by,varchar,,
