key,class,sensitivity,recommended_owner
BASE_DOMAIN,env_only,normal,ops
TLS_PORT,env_only,normal,ops
TRAEFIK_DASHBOARD,review_required,normal,platform
TRAEFIK_DASHBOARD_PORT,review_required,normal,platform
TRAEFIK_METRICS_PORT,review_required,normal,platform
TRAEFIK_ENABLE_PING,review_required,normal,platform
IMAGE_MAVEN,env_only,normal,ops
KEYTOOL_IMAGE,review_required,normal,platform
KEYTOOL_IMAGE_STRICT,review_required,normal,platform
DTS_RUNTIME_ARCH,env_only,normal,ops
DTS_RUNTIME_PLATFORM,env_only,normal,ops
HOST_SSO,env_only,normal,ops
HOST_TRINO,env_only,normal,ops
HOST_API,env_only,normal,ops
HOST_RANGER,env_only,normal,ops
HOST_ADMIN_UI,env_only,normal,ops
HOST_PLATFORM_UI,env_only,normal,ops
HOST_ANALYTICS,env_only,normal,ops
HOST_META,env_only,normal,ops
HOST_FLOW,env_only,normal,ops
HOST_GATEWAY_IP,env_only,normal,ops
DOCKER_HOST_GATEWAY_IP,env_only,normal,ops
HETU_UPSTREAM_IP,review_required,normal,platform
KC_ADMIN,env_only,normal,ops
KC_ADMIN_PWD,env_only,sensitive,ops
KC_HTTP_ENABLED,review_required,normal,platform
KC_HOSTNAME,review_required,normal,platform
KC_HOSTNAME_PORT,review_required,normal,platform
KC_HOSTNAME_URL,review_required,normal,platform
KC_HOSTNAME_ADMIN_URL,review_required,normal,platform
KC_HOSTNAME_STRICT,review_required,normal,platform
KC_HOSTNAME_STRICT_HTTPS,review_required,normal,platform
KC_DB_URL_PROPERTIES,review_required,normal,platform
KC_REALM,review_required,normal,platform
OIDC_ISSUER_URI,visual_restart,normal,security
TRUSTSTORE_PASSWORD,review_required,sensitive,platform
PG_AUTH_METHOD,review_required,sensitive,platform
PG_MODE,review_required,normal,platform
PG_HOST,review_required,normal,platform
PG_SUPER_USER,env_only,normal,ops
PG_SUPER_PASSWORD,env_only,sensitive,ops
PG_PORT,review_required,normal,platform
PG_DB_KEYCLOAK,env_only,normal,ops
PG_USER_KEYCLOAK,env_only,normal,ops
PG_PWD_KEYCLOAK,env_only,sensitive,ops
DTADMIN_DB_NAME,review_required,normal,platform
DTADMIN_DB_USER,review_required,normal,platform
DTADMIN_DB_PASSWORD,review_required,sensitive,platform
DTADMIN_API_PORT,review_required,normal,platform
PG_DB_DTADMIN,env_only,normal,ops
PG_USER_DTADMIN,env_only,normal,ops
PG_PWD_DTADMIN,env_only,sensitive,ops
PG_DB_DTPS,env_only,normal,ops
PG_USER_DTPS,env_only,normal,ops
PG_PWD_DTPS,env_only,sensitive,ops
PG_DB_DTCOMMON,env_only,normal,ops
PG_USER_DTCOMMON,env_only,normal,ops
PG_PWD_DTCOMMON,env_only,sensitive,ops
PG_DB_ANALYTICS,env_only,normal,ops
PG_USER_ANALYTICS,env_only,normal,ops
PG_PWD_ANALYTICS,env_only,sensitive,ops
PG_DB_OPENMETADATA,env_only,normal,ops
PG_USER_OPENMETADATA,env_only,normal,ops
PG_PWD_OPENMETADATA,env_only,sensitive,ops
PG_DB_AIRFLOW,env_only,normal,ops
PG_USER_AIRFLOW,env_only,normal,ops
PG_PWD_AIRFLOW,env_only,sensitive,ops
PG_PWD_AIRFLOW_URLENCODED,env_only,sensitive,ops
PG_DB_BIADMIN,env_only,normal,ops
PG_USER_BIADMIN,env_only,normal,ops
PG_PWD_BIADMIN,env_only,sensitive,ops
OAUTH2_ADMIN_CLIENT_ID,visual_restart,sensitive,security
OAUTH2_ADMIN_CLIENT_SECRET,visual_restart,sensitive,security
OAUTH2_PLATFORM_CLIENT_ID,visual_restart,sensitive,security
OAUTH2_PLATFORM_CLIENT_SECRET,visual_restart,sensitive,security
DTS_PKI_ENABLED,visual_restart,normal,security
DTS_PKI_MODE,visual_restart,normal,security
DTS_PKI_ALLOW_MOCK,visual_restart,normal,security
DTS_PKI_ACCEPT_FORWARDED_CERT,visual_restart,normal,security
DTS_PKI_CLIENT_CERT_HEADER_NAME,visual_restart,normal,security
DTS_PKI_ISSUER_CN,visual_restart,normal,security
DTS_PKI_API_BASE,visual_restart,normal,security
DTS_PKI_API_TOKEN,visual_restart,sensitive,security
DTS_PKI_API_TIMEOUT,visual_restart,normal,security
DTS_PKI_GATEWAY_HOST,visual_restart,normal,security
DTS_PKI_GATEWAY_PORT,visual_restart,normal,security
DTS_PKI_GATEWAY_ALT_PORT,visual_restart,normal,security
DTS_PKI_GATEWAY_ENDPOINT,visual_restart,normal,security
DTS_PKI_DIGEST,visual_restart,normal,security
DTS_PKI_VENDOR_JAR,visual_restart,normal,security
DTS_ADMIN_JAVA_TOOL_OPTIONS_EXTRA,review_required,normal,platform
DTS_SECURITY_IP_ALLOWLIST_ENABLED,visual_runtime,normal,platform
DTS_SECURITY_IP_ALLOWLIST_TRIAD_USERNAMES,visual_runtime,normal,platform
VITE_ADMIN_API_BASE_URL,review_required,normal,platform
VITE_ADMIN_PROXY_TARGET,review_required,normal,platform
VITE_KOAL_PKI_ENDPOINTS,review_required,normal,platform
VITE_ENABLE_SQL_WORKBENCH,review_required,normal,platform
KOAL_VENDOR_BASE,review_required,normal,platform
VITE_KOAL_VENDOR_BASE,review_required,normal,platform
KOAL_PKI_ENDPOINTS,review_required,normal,platform
ADMIN_WEBAPP_PASSWORD_LOGIN_ENABLED,review_required,sensitive,platform
ADMIN_VITE_HIDE_PASSWORD_LOGIN,review_required,sensitive,platform
PLATFORM_WEBAPP_PASSWORD_LOGIN_ENABLED,review_required,sensitive,platform
PLATFORM_VITE_HIDE_PASSWORD_LOGIN,review_required,sensitive,platform
ANALYTICS_ENCRYPTION_SECRET,visual_restart,sensitive,platform
ANALYTICS_SITE_URL,review_required,normal,platform
ANALYTICS_JAVA_TOOL_OPTIONS,review_required,normal,platform
ANALYTICS_OIDC_CLIENT_ID,visual_restart,normal,platform
ANALYTICS_OIDC_CLIENT_SECRET,visual_restart,sensitive,platform
ANALYTICS_OIDC_REDIRECT_URI,visual_restart,normal,platform
ANALYTICS_OIDC_METADATA_URL,visual_restart,normal,platform
OPENMETADATA_HTTP_PORT,review_required,normal,platform
OPENMETADATA_JWT_SECRET,review_required,sensitive,platform
DTS_PLATFORM_OPENMETADATA_ENABLED,visual_runtime,normal,platform
DTS_PLATFORM_OPENMETADATA_BASE_URL,visual_runtime,normal,platform
DTS_PLATFORM_OPENMETADATA_UI_BASE_URL,visual_runtime,normal,platform
DTS_PLATFORM_OPENMETADATA_AUTH_TOKEN,visual_runtime,sensitive,platform
DTS_PLATFORM_OPENMETADATA_SERVICE_NAME,visual_runtime,normal,platform
DTS_PLATFORM_OPENMETADATA_DEFAULT_DATABASE,visual_runtime,normal,platform
DTS_PLATFORM_OPENMETADATA_DEFAULT_SCHEMA,visual_runtime,normal,platform
DTS_PLATFORM_OPENMETADATA_TABLE_FQN_PATTERN,visual_runtime,normal,platform
DTS_PLATFORM_OPENMETADATA_TABLE_FIELDS,visual_runtime,normal,platform
DTS_OPENMETADATA_ENABLED,visual_runtime,normal,platform
DTS_OPENMETADATA_BASE_URL,visual_runtime,normal,platform
DTS_OPENMETADATA_AUTH_TOKEN,visual_runtime,sensitive,platform
DTS_OPENMETADATA_TABLE_FIELDS,visual_runtime,normal,platform
DTS_OPENMETADATA_SOURCE_SERVICE_NAME,visual_runtime,normal,platform
DTS_OPENMETADATA_SOURCE_SERVICE_TYPE,visual_runtime,normal,platform
DTS_OPENMETADATA_DESTINATION_SERVICE_NAME,visual_runtime,normal,platform
DTS_OPENMETADATA_DESTINATION_SERVICE_TYPE,visual_runtime,normal,platform
DTS_OPENMETADATA_DESTINATION_DATABASE,visual_runtime,normal,platform
DTS_OPENMETADATA_DESTINATION_SCHEMA,visual_runtime,normal,platform
DTS_OPENMETADATA_SOURCE_DATABASE,visual_runtime,normal,platform
DTS_OPENMETADATA_SOURCE_SCHEMA,visual_runtime,normal,platform
DTS_OPENMETADATA_INGESTION_ENABLED,visual_runtime,normal,platform
DTS_OPENMETADATA_INGESTION_PREFIX,visual_runtime,normal,platform
DTS_OPENMETADATA_INGESTION_SCHEDULE,visual_runtime,normal,platform
STACK_ROOT,review_required,normal,platform
DBT_PROJECT_DIR,review_required,normal,platform
DBT_PROFILES_DIR,review_required,normal,platform
OPENMETADATA_INGEST_CONFIG_DIR,review_required,normal,platform
DTS_DBT_PROJECT_DIR,review_required,normal,platform
DTS_DBT_PROFILES_DIR,review_required,normal,platform
DTS_DBT_CONFIG_PATH,review_required,normal,platform
DOCKER_GID,env_only,normal,ops
IMAGE_ADDAX,env_only,normal,ops
AIRFLOW_WEBSERVER_PORT,review_required,normal,platform
AIRFLOW_FERNET_KEY,env_only,sensitive,ops
AIRFLOW_ADMIN_USERNAME,review_required,normal,platform
AIRFLOW_ADMIN_PASSWORD,review_required,sensitive,platform
AIRFLOW_ADMIN_EMAIL,review_required,normal,platform
AIRFLOW_ADMIN_FIRSTNAME,review_required,normal,platform
AIRFLOW_ADMIN_LASTNAME,review_required,normal,platform
DTS_AIRFLOW_USERNAME,visual_runtime,normal,platform
DTS_AIRFLOW_PASSWORD,visual_runtime,sensitive,platform
DTS_MDM_GATEWAY_ENABLED,visual_runtime,normal,admin
DTS_MDM_GATEWAY_STORAGE_PATH,visual_runtime,normal,admin
DTS_MDM_GATEWAY_LOG_PATH,visual_runtime,normal,admin
DTS_MDM_GATEWAY_UPSTREAM_BASE_URL,visual_runtime,normal,admin
DTS_MDM_GATEWAY_UPSTREAM_PULL_PATH,visual_runtime,normal,admin
DTS_MDM_GATEWAY_UPSTREAM_AUTH_TOKEN,visual_runtime,sensitive,admin
DTS_MDM_GATEWAY_UPSTREAM_CONNECT_TIMEOUT,visual_runtime,normal,admin
DTS_MDM_GATEWAY_UPSTREAM_READ_TIMEOUT,visual_runtime,normal,admin
DTS_MDM_GATEWAY_UPSTREAM_USE_MULTIPART,visual_runtime,normal,admin
DTS_MDM_GATEWAY_UPSTREAM_FILE_PART_NAME,visual_runtime,normal,admin
DTS_MDM_GATEWAY_UPSTREAM_FILE_PREFIX,visual_runtime,normal,admin
DTS_MDM_GATEWAY_UPSTREAM_FILE_SUFFIX,visual_runtime,normal,admin
DTS_MDM_GATEWAY_CALLBACK_URL,visual_runtime,normal,admin
DTS_MDM_GATEWAY_CALLBACK_AUTH_TOKEN,visual_runtime,sensitive,admin
DTS_MDM_GATEWAY_CALLBACK_SIGNATURE_HEADER,visual_runtime,normal,admin
DTS_MDM_GATEWAY_CALLBACK_ALLOWED_IPS,visual_runtime,normal,admin
DTS_MDM_GATEWAY_REGISTRY_SYSTEM_CODE,visual_runtime,normal,admin
DTS_MDM_GATEWAY_REGISTRY_DATA_RANGE,visual_runtime,normal,admin
DTS_MDM_GATEWAY_REGISTRY_AREA_SECURITY,visual_runtime,normal,admin
DTS_MDM_GATEWAY_REGISTRY_AREA_BUSINESS,visual_runtime,normal,admin
DTS_MDM_GATEWAY_REGISTRY_DATA_TYPE,visual_runtime,normal,admin
DTS_MDM_GATEWAY_REQUIRED_FIELDS,visual_runtime,normal,admin
DTS_MDM_GATEWAY_REQUIRED_USERS,visual_runtime,normal,admin
DTS_MDM_GATEWAY_REQUIRED_DEPTS,visual_runtime,normal,admin
DTS_MDM_GATEWAY_ROOT_CODE,visual_runtime,normal,admin
DTS_MDM_GATEWAY_AUTO_PROVISION_USERS,visual_runtime,normal,admin
DTS_MDM_GATEWAY_AUTO_PROVISION_ROLES,visual_runtime,normal,admin
DTS_MDM_GATEWAY_AUTO_PROVISION_ENABLE_LOGIN,visual_runtime,normal,admin
ADMIN_ALLOWED_IPS,visual_runtime,normal,platform
ADMIN_BACKUP_IPS,visual_runtime,normal,platform
ADMIN_WHITELIST_CIDRS,visual_runtime,normal,platform
PG_DB_RANGER,env_only,normal,ops
PG_USER_RANGER,env_only,normal,ops
PG_PWD_RANGER,env_only,sensitive,ops
RANGER_ADMIN_PASSWORD,review_required,sensitive,platform
RANGER_TAGSYNC_PASSWORD,review_required,sensitive,platform
RANGER_USERSYNC_PASSWORD,review_required,sensitive,platform
IAM_DB_NAME,review_required,normal,platform
IAM_DB_USER,review_required,normal,platform
IAM_DB_PASSWORD,review_required,sensitive,platform
GOVERNANCE_DB_NAME,review_required,normal,platform
GOVERNANCE_DB_USER,review_required,normal,platform
GOVERNANCE_DB_PASSWORD,review_required,sensitive,platform
EXPLORE_DB_NAME,review_required,normal,platform
EXPLORE_DB_USER,review_required,normal,platform
EXPLORE_DB_PASSWORD,review_required,sensitive,platform
IMAGE_DTS_ADMIN,env_only,normal,ops
IMAGE_DTS_PLATFORM,env_only,normal,ops
IMAGE_DTS_INGESTION,env_only,normal,ops
IMAGE_DTS_ADMIN_WEBAPP,env_only,normal,ops
IMAGE_DTS_PLATFORM_WEBAPP,env_only,normal,ops
IMAGE_DTS_ANALYTICS,env_only,normal,ops
IMAGE_DTS_ANALYTICS_WEBAPP_MODERN,env_only,normal,ops
DOCKER_API_VERSION,env_only,normal,ops
LEGACY_STACK,env_only,normal,ops
IMAGE_TRAEFIK,env_only,normal,ops
IMAGE_POSTGRES,env_only,normal,ops
IMAGE_KEYCLOAK,env_only,normal,ops
IMAGE_TRINO,env_only,normal,ops
IMAGE_ELASTICSEARCH,env_only,normal,ops
IMAGE_DBT,env_only,normal,ops
IMAGE_AIRFLOW,env_only,normal,ops
IMAGE_OPENMETADATA,env_only,normal,ops
IMAGE_OPENMETADATA_INGESTION,env_only,normal,ops
DEPLOY_MODE,env_only,normal,ops
