key	services	global_sections
TLS_PORT	dts-proxy	
TRAEFIK_DASHBOARD	dts-proxy	
TRAEFIK_DASHBOARD_PORT	dts-proxy	
TRAEFIK_METRICS_PORT	dts-proxy	
TRAEFIK_ENABLE_PING	dts-proxy	
IMAGE_MAVEN	dts-admin,dts-analytics,dts-ingestion,dts-platform	
DTS_RUNTIME_PLATFORM	dts-keycloak,dts-pg,dts-proxy	
HOST_SSO	dts-admin,dts-keycloak,dts-platform	
HOST_API	dts-admin,dts-platform	
HOST_ADMIN_UI	dts-admin,dts-admin-webapp,dts-platform,dts-platform-webapp	
HOST_PLATFORM_UI	dts-admin,dts-analytics,dts-analytics-webapp-modern,dts-platform,dts-platform-webapp,dts-proxy	
HOST_META	dts-openmetadata	
HOST_FLOW	dts-airflow-init,dts-airflow-webserver	
HOST_GATEWAY_IP	dts-admin,dts-platform,dts-proxy	
HETU_UPSTREAM_IP	dts-proxy	
KC_ADMIN	dts-keycloak	
KC_ADMIN_PWD	dts-keycloak	
KC_HTTP_ENABLED	dts-keycloak	
KC_HOSTNAME	dts-keycloak	
KC_HOSTNAME_PORT	dts-keycloak	
KC_HOSTNAME_URL	dts-keycloak	
KC_HOSTNAME_ADMIN_URL	dts-keycloak	
KC_HOSTNAME_STRICT	dts-keycloak	
KC_HOSTNAME_STRICT_HTTPS	dts-keycloak	
OIDC_ISSUER_URI	dts-admin,dts-platform	
TRUSTSTORE_PASSWORD	dts-admin,dts-platform	
PG_HOST	dts-airflow-init,dts-airflow-scheduler,dts-airflow-triggerer,dts-airflow-webserver,dts-keycloak,dts-openmetadata,dts-openmetadata-ingestion,dts-openmetadata-init,dts-platform	
PG_SUPER_USER	dts-openmetadata-ingestion,dts-pg	
PG_SUPER_PASSWORD	dts-openmetadata-ingestion,dts-pg	
PG_PORT	dts-airflow-init,dts-airflow-scheduler,dts-airflow-triggerer,dts-airflow-webserver,dts-keycloak,dts-openmetadata,dts-openmetadata-ingestion,dts-openmetadata-init,dts-platform	
PG_DB_KEYCLOAK	dts-keycloak,dts-pg	
PG_USER_KEYCLOAK	dts-keycloak,dts-pg	
PG_PWD_KEYCLOAK	dts-keycloak,dts-pg	
PG_DB_DTADMIN	dts-admin,dts-pg	
PG_USER_DTADMIN	dts-admin,dts-pg	
PG_PWD_DTADMIN	dts-admin,dts-pg	
PG_DB_DTPS	dts-ingestion,dts-openmetadata-ingestion,dts-pg,dts-platform	
PG_USER_DTPS	dts-ingestion,dts-pg,dts-platform	
PG_PWD_DTPS	dts-ingestion,dts-pg,dts-platform	
PG_DB_DTCOMMON	dts-pg	
PG_USER_DTCOMMON	dts-pg	
PG_PWD_DTCOMMON	dts-pg	
PG_DB_ANALYTICS	dts-analytics,dts-pg	
PG_USER_ANALYTICS	dts-analytics,dts-pg	
PG_PWD_ANALYTICS	dts-analytics,dts-pg	
PG_DB_OPENMETADATA	dts-openmetadata,dts-openmetadata-init,dts-pg	
PG_USER_OPENMETADATA	dts-openmetadata,dts-openmetadata-init,dts-pg	
PG_PWD_OPENMETADATA	dts-openmetadata,dts-openmetadata-init,dts-pg	
PG_DB_AIRFLOW	dts-airflow-init,dts-airflow-scheduler,dts-airflow-triggerer,dts-airflow-webserver,dts-pg	
PG_USER_AIRFLOW	dts-airflow-init,dts-airflow-scheduler,dts-airflow-triggerer,dts-airflow-webserver,dts-pg	
PG_PWD_AIRFLOW	dts-pg	
PG_PWD_AIRFLOW_URLENCODED	dts-airflow-init,dts-airflow-scheduler,dts-airflow-triggerer,dts-airflow-webserver	
PG_DB_BIADMIN	dts-platform	
PG_USER_BIADMIN	dts-platform	
PG_PWD_BIADMIN	dts-platform	
OAUTH2_ADMIN_CLIENT_ID	dts-admin	
OAUTH2_ADMIN_CLIENT_SECRET	dts-admin	
OAUTH2_PLATFORM_CLIENT_ID	dts-admin,dts-platform	
OAUTH2_PLATFORM_CLIENT_SECRET	dts-platform	
DTS_PKI_ENABLED	dts-admin	
DTS_PKI_MODE	dts-admin	
DTS_PKI_ALLOW_MOCK	dts-admin	
DTS_PKI_ACCEPT_FORWARDED_CERT	dts-admin	
DTS_PKI_ISSUER_CN	dts-admin	
DTS_PKI_API_BASE	dts-admin	
DTS_PKI_API_TOKEN	dts-admin	
DTS_PKI_API_TIMEOUT	dts-admin	
DTS_PKI_GATEWAY_HOST	dts-admin	
DTS_PKI_GATEWAY_PORT	dts-admin	
DTS_PKI_DIGEST	dts-admin	
DTS_PKI_VENDOR_JAR	dts-admin	
DTS_ADMIN_JAVA_TOOL_OPTIONS_EXTRA	dts-admin	
DTS_SECURITY_IP_ALLOWLIST_ENABLED	dts-admin	
DTS_SECURITY_IP_ALLOWLIST_TRIAD_USERNAMES	dts-admin	
VITE_ENABLE_SQL_WORKBENCH	dts-platform-webapp	
KOAL_PKI_ENDPOINTS	dts-admin-webapp,dts-platform-webapp	
ADMIN_WEBAPP_PASSWORD_LOGIN_ENABLED	dts-admin-webapp	
ADMIN_VITE_HIDE_PASSWORD_LOGIN	dts-admin-webapp	
PLATFORM_WEBAPP_PASSWORD_LOGIN_ENABLED	dts-platform-webapp	
PLATFORM_VITE_HIDE_PASSWORD_LOGIN	dts-platform-webapp	
ANALYTICS_JAVA_TOOL_OPTIONS	dts-analytics	
OPENMETADATA_HTTP_PORT	dts-openmetadata	
OPENMETADATA_JWT_SECRET	dts-openmetadata,dts-openmetadata-init	
DTS_PLATFORM_OPENMETADATA_ENABLED	dts-ingestion	
DTS_PLATFORM_OPENMETADATA_BASE_URL	dts-airflow-init,dts-airflow-scheduler,dts-airflow-triggerer,dts-airflow-webserver,dts-ingestion	
DTS_PLATFORM_OPENMETADATA_AUTH_TOKEN	dts-airflow-init,dts-airflow-scheduler,dts-airflow-triggerer,dts-airflow-webserver,dts-ingestion,dts-openmetadata-ingestion	
DTS_PLATFORM_OPENMETADATA_SERVICE_NAME	dts-airflow-init,dts-airflow-scheduler,dts-airflow-triggerer,dts-airflow-webserver,dts-ingestion,dts-openmetadata-ingestion	
DTS_PLATFORM_OPENMETADATA_DEFAULT_DATABASE	dts-ingestion	
DTS_PLATFORM_OPENMETADATA_DEFAULT_SCHEMA	dts-ingestion	
DTS_PLATFORM_OPENMETADATA_TABLE_FIELDS	dts-ingestion	
DTS_OPENMETADATA_ENABLED	dts-ingestion	
DTS_OPENMETADATA_BASE_URL	dts-ingestion	
DTS_OPENMETADATA_AUTH_TOKEN	dts-ingestion	
DTS_OPENMETADATA_TABLE_FIELDS	dts-ingestion	
DTS_OPENMETADATA_SOURCE_SERVICE_NAME	dts-ingestion	
DTS_OPENMETADATA_SOURCE_SERVICE_TYPE	dts-ingestion	
DTS_OPENMETADATA_DESTINATION_SERVICE_NAME	dts-ingestion	
DTS_OPENMETADATA_DESTINATION_SERVICE_TYPE	dts-ingestion	
DTS_OPENMETADATA_DESTINATION_DATABASE	dts-ingestion	
DTS_OPENMETADATA_DESTINATION_SCHEMA	dts-ingestion	
DTS_OPENMETADATA_SOURCE_DATABASE	dts-ingestion	
DTS_OPENMETADATA_SOURCE_SCHEMA	dts-ingestion	
DTS_OPENMETADATA_INGESTION_ENABLED	dts-ingestion	
DTS_OPENMETADATA_INGESTION_PREFIX	dts-ingestion	
DTS_OPENMETADATA_INGESTION_SCHEDULE	dts-ingestion	
STACK_ROOT	dts-airflow-init,dts-airflow-scheduler,dts-airflow-triggerer,dts-airflow-webserver,dts-ingestion	
DBT_PROJECT_DIR	dts-airflow-init,dts-airflow-scheduler,dts-airflow-triggerer,dts-airflow-webserver	
DBT_PROFILES_DIR	dts-airflow-init,dts-airflow-scheduler,dts-airflow-triggerer,dts-airflow-webserver	
OPENMETADATA_INGEST_CONFIG_DIR	dts-airflow-init,dts-airflow-scheduler,dts-airflow-triggerer,dts-airflow-webserver	
DOCKER_GID	dts-airflow-scheduler,dts-airflow-webserver	
IMAGE_ADDAX	dts-airflow-init,dts-airflow-scheduler,dts-airflow-triggerer,dts-airflow-webserver,dts-ingestion	
AIRFLOW_WEBSERVER_PORT	dts-airflow-webserver	
AIRFLOW_FERNET_KEY	dts-airflow-init,dts-airflow-scheduler,dts-airflow-triggerer,dts-airflow-webserver	
AIRFLOW_ADMIN_USERNAME	dts-airflow-init	
AIRFLOW_ADMIN_PASSWORD	dts-airflow-init	
AIRFLOW_ADMIN_EMAIL	dts-airflow-init	
AIRFLOW_ADMIN_FIRSTNAME	dts-airflow-init	
AIRFLOW_ADMIN_LASTNAME	dts-airflow-init	
DTS_AIRFLOW_USERNAME	dts-ingestion,dts-openmetadata,dts-platform	
DTS_AIRFLOW_PASSWORD	dts-ingestion,dts-openmetadata,dts-platform	
DTS_MDM_GATEWAY_ENABLED	dts-admin	
DTS_MDM_GATEWAY_STORAGE_PATH	dts-admin	
DTS_MDM_GATEWAY_LOG_PATH	dts-admin	
DTS_MDM_GATEWAY_UPSTREAM_BASE_URL	dts-admin	
DTS_MDM_GATEWAY_UPSTREAM_PULL_PATH	dts-admin	
DTS_MDM_GATEWAY_UPSTREAM_AUTH_TOKEN	dts-admin	
DTS_MDM_GATEWAY_UPSTREAM_CONNECT_TIMEOUT	dts-admin	
DTS_MDM_GATEWAY_UPSTREAM_READ_TIMEOUT	dts-admin	
DTS_MDM_GATEWAY_UPSTREAM_USE_MULTIPART	dts-admin	
DTS_MDM_GATEWAY_UPSTREAM_FILE_PART_NAME	dts-admin	
DTS_MDM_GATEWAY_UPSTREAM_FILE_PREFIX	dts-admin	
DTS_MDM_GATEWAY_UPSTREAM_FILE_SUFFIX	dts-admin	
DTS_MDM_GATEWAY_CALLBACK_URL	dts-admin	
DTS_MDM_GATEWAY_CALLBACK_AUTH_TOKEN	dts-admin	
DTS_MDM_GATEWAY_CALLBACK_SIGNATURE_HEADER	dts-admin	
DTS_MDM_GATEWAY_CALLBACK_ALLOWED_IPS	dts-admin	
DTS_MDM_GATEWAY_REGISTRY_SYSTEM_CODE	dts-admin	
DTS_MDM_GATEWAY_REGISTRY_DATA_RANGE	dts-admin	
DTS_MDM_GATEWAY_REGISTRY_AREA_SECURITY	dts-admin	
DTS_MDM_GATEWAY_REGISTRY_AREA_BUSINESS	dts-admin	
DTS_MDM_GATEWAY_REGISTRY_DATA_TYPE	dts-admin	
DTS_MDM_GATEWAY_REQUIRED_FIELDS	dts-admin	
DTS_MDM_GATEWAY_REQUIRED_USERS	dts-admin	
DTS_MDM_GATEWAY_REQUIRED_DEPTS	dts-admin	
DTS_MDM_GATEWAY_ROOT_CODE	dts-admin	
DTS_MDM_GATEWAY_AUTO_PROVISION_USERS	dts-admin	
DTS_MDM_GATEWAY_AUTO_PROVISION_ROLES	dts-admin	
DTS_MDM_GATEWAY_AUTO_PROVISION_ENABLE_LOGIN	dts-admin	
ADMIN_WHITELIST_CIDRS	dts-admin	
PG_DB_RANGER	dts-pg	
PG_USER_RANGER	dts-pg	
PG_PWD_RANGER	dts-pg	
IMAGE_DTS_ADMIN	dts-admin	
IMAGE_DTS_PLATFORM	dts-platform	
IMAGE_DTS_INGESTION	dts-ingestion	
IMAGE_DTS_ADMIN_WEBAPP	dts-admin-webapp	
IMAGE_DTS_PLATFORM_WEBAPP	dts-platform-webapp	
IMAGE_DTS_ANALYTICS	dts-analytics	
IMAGE_DTS_ANALYTICS_WEBAPP_MODERN	dts-analytics-webapp-modern	
DOCKER_API_VERSION	dts-proxy	
IMAGE_TRAEFIK	dts-proxy	
IMAGE_POSTGRES	dts-pg	
IMAGE_KEYCLOAK	dts-keycloak	
IMAGE_ELASTICSEARCH	dts-elasticsearch	
IMAGE_DBT	dts-airflow-init,dts-airflow-scheduler,dts-airflow-triggerer,dts-airflow-webserver,dts-dbt	
IMAGE_AIRFLOW	dts-airflow-init,dts-airflow-scheduler,dts-airflow-triggerer,dts-airflow-webserver	
IMAGE_OPENMETADATA	dts-openmetadata,dts-openmetadata-init	
IMAGE_OPENMETADATA_INGESTION	dts-airflow-init,dts-airflow-scheduler,dts-airflow-triggerer,dts-airflow-webserver,dts-openmetadata-ingestion	
